flight_id,airline,source,destination,route,departure_time,arrival_time,departure_date,departure_hour,duration_minutes,overnight_flight,anomaly_flag,data_quality_status
SJ010,SpiceJet,CCU,MAA,CCU → MAA,38:41.7,32:41.7,4/20/2026,23,174,TRUE,FALSE,Valid
AI155,Air India,BOM,CCU,BOM → CCU,35:41.7,23:41.7,4/20/2026,23,108,TRUE,FALSE,Valid
UK094,Vistara,BOM,CCU,BOM → CCU,26:41.7,11:41.7,4/20/2026,23,105,TRUE,FALSE,Valid
AI245,Air India,BOM,CCU,BOM → CCU,07:41.7,43:41.7,4/20/2026,23,156,TRUE,FALSE,Valid
AI192,Air India,MAA,BOM,MAA → BOM,05:41.7,04:41.7,4/20/2026,23,299,TRUE,FALSE,Valid
SJ158,SpiceJet,DEL,HYD,DEL → HYD,05:41.7,24:41.7,4/20/2026,23,139,TRUE,FALSE,Valid
6F196,IndiGo,CCU,MAA,CCU → MAA,04:41.7,47:41.7,4/20/2026,23,103,TRUE,FALSE,Valid
AI080,Air India,BOM,HYD,BOM → HYD,03:41.7,35:41.7,4/20/2026,23,92,TRUE,FALSE,Valid
6F025,IndiGo,BLR,BOM,BLR → BOM,02:41.7,57:41.7,4/20/2026,23,55,FALSE,FALSE,Valid
6F251,IndiGo,DEL,BLR,DEL → BLR,56:41.7,37:41.7,4/20/2026,22,41,FALSE,FALSE,Valid
AI137,Air India,BOM,DEL,BOM → DEL,49:41.7,17:41.7,4/20/2026,22,148,TRUE,FALSE,Valid
6F026,IndiGo,BOM,CCU,BOM → CCU,46:42.0,13:42.0,4/20/2026,22,267,TRUE,FALSE,Valid
UK167,Vistara,DEL,MAA,DEL → MAA,45:41.7,46:41.7,4/20/2026,22,181,TRUE,FALSE,Valid
UK027,Vistara,BOM,CCU,BOM → CCU,44:41.7,05:41.7,4/20/2026,22,141,TRUE,FALSE,Valid
AI069,Air India,DEL,BOM,DEL → BOM,43:41.7,29:41.7,4/20/2026,22,226,TRUE,FALSE,Valid
AI058,Air India,BOM,CCU,BOM → CCU,40:41.7,18:41.7,4/20/2026,22,98,TRUE,FALSE,Valid
AI140,Air India,BOM,DEL,BOM → DEL,25:41.7,08:41.7,4/20/2026,22,223,TRUE,FALSE,Valid
SJ239,SpiceJet,BOM,CCU,BOM → CCU,24:41.7,10:41.7,4/20/2026,22,106,TRUE,FALSE,Valid
6F099,IndiGo,MAA,DEL,MAA → DEL,24:41.7,59:41.7,4/20/2026,22,35,FALSE,FALSE,Valid
AI048,Air India,CCU,DEL,CCU → DEL,23:41.7,15:41.7,4/20/2026,22,232,TRUE,FALSE,Valid
SJ112,SpiceJet,HYD,DEL,HYD → DEL,20:41.7,40:41.7,4/20/2026,22,140,TRUE,FALSE,Valid
6F164,IndiGo,BLR,BOM,BLR → BOM,18:41.7,45:41.7,4/20/2026,22,147,TRUE,FALSE,Valid
UK021,Vistara,HYD,MAA,HYD → MAA,00:41.7,50:41.7,4/20/2026,22,110,FALSE,FALSE,Valid
SJ172,SpiceJet,CCU,DEL,CCU → DEL,58:41.7,14:41.7,4/20/2026,21,196,TRUE,FALSE,Valid
AI060,Air India,DEL,HYD,DEL → HYD,58:41.7,51:41.7,4/20/2026,21,113,FALSE,FALSE,Valid
SJ205,SpiceJet,HYD,CCU,HYD → CCU,56:41.7,00:41.7,4/20/2026,21,64,FALSE,FALSE,Valid
SJ093,SpiceJet,BLR,BOM,BLR → BOM,55:41.7,01:41.7,4/20/2026,21,66,FALSE,FALSE,Valid
6F195,IndiGo,CCU,DEL,CCU → DEL,44:41.7,39:41.7,4/20/2026,21,55,FALSE,FALSE,Valid
UK003,Vistara,HYD,DEL,HYD → DEL,41:41.7,19:41.7,4/20/2026,21,278,TRUE,FALSE,Valid
UK026,Vistara,HYD,MAA,HYD → MAA,38:41.7,44:41.7,4/20/2026,21,126,FALSE,FALSE,Valid
6F174,IndiGo,DEL,HYD,DEL → HYD,36:41.7,16:41.7,4/20/2026,21,40,FALSE,FALSE,Valid
UK067,Vistara,BOM,CCU,BOM → CCU,36:41.7,02:41.7,4/20/2026,21,206,TRUE,FALSE,Valid
SJ149,SpiceJet,HYD,MAA,HYD → MAA,20:41.7,20:42.0,4/20/2026,21,120.0049667,FALSE,FALSE,Valid
6F213,IndiGo,BLR,BOM,BLR → BOM,05:41.7,32:41.7,4/20/2026,21,207,TRUE,FALSE,Valid
UK200,Vistara,CCU,DEL,CCU → DEL,54:41.7,45:41.7,4/20/2026,20,111,FALSE,FALSE,Valid
SJ214,SpiceJet,BOM,MAA,BOM → MAA,54:41.7,10:41.7,4/20/2026,20,76,FALSE,FALSE,Valid
SJ047,SpiceJet,HYD,BOM,HYD → BOM,44:41.7,21:41.7,4/20/2026,20,37,FALSE,FALSE,Valid
AI179,Air India,HYD,BOM,HYD → BOM,41:41.7,19:41.7,4/20/2026,20,278,TRUE,FALSE,Valid
SJ153,SpiceJet,DEL,CCU,DEL → CCU,37:41.7,00:41.7,4/20/2026,20,83,FALSE,FALSE,Valid
6F236,IndiGo,BOM,DEL,BOM → DEL,35:41.7,54:41.7,4/20/2026,20,199,FALSE,FALSE,Valid
UK059,Vistara,HYD,MAA,HYD → MAA,33:41.7,10:41.7,4/20/2026,20,97,FALSE,FALSE,Valid
SJ001,SpiceJet,BOM,MAA,BOM → MAA,28:41.7,15:41.7,4/20/2026,20,287,TRUE,FALSE,Valid
SJ049,SpiceJet,CCU,DEL,CCU → DEL,26:41.7,26:41.7,4/20/2026,20,240,TRUE,FALSE,Valid
6F086,IndiGo,MAA,HYD,MAA → HYD,23:41.7,00:41.7,4/20/2026,20,37,FALSE,FALSE,Valid
AI220,Air India,BOM,DEL,BOM → DEL,19:41.7,57:41.7,4/20/2026,20,98,FALSE,FALSE,Valid
AI188,Air India,CCU,HYD,CCU → HYD,16:41.7,02:41.7,4/20/2026,20,166,FALSE,FALSE,Valid
6F114,IndiGo,BOM,MAA,BOM → MAA,10:41.7,00:41.7,4/20/2026,20,50,FALSE,FALSE,Valid
SJ179,SpiceJet,DEL,HYD,DEL → HYD,09:41.7,39:41.7,4/20/2026,20,210,FALSE,FALSE,Valid
6F190,IndiGo,DEL,MAA,DEL → MAA,02:41.7,36:41.7,4/20/2026,20,274,TRUE,FALSE,Valid
SJ003,SpiceJet,MAA,CCU,MAA → CCU,50:41.7,32:41.7,4/20/2026,19,42,FALSE,FALSE,Valid
6F028,IndiGo,HYD,CCU,HYD → CCU,49:41.7,49:41.7,4/20/2026,19,120,FALSE,FALSE,Valid
UK036,Vistara,CCU,BLR,CCU → BLR,48:41.7,12:41.7,4/20/2026,19,264,TRUE,FALSE,Valid
SJ160,SpiceJet,MAA,BLR,MAA → BLR,45:41.7,30:41.7,4/20/2026,19,45,FALSE,FALSE,Valid
6F151,IndiGo,CCU,HYD,CCU → HYD,44:41.7,04:41.7,4/20/2026,19,140,FALSE,FALSE,Valid
UK140,Vistara,MAA,BLR,MAA → BLR,37:41.7,00:41.7,4/20/2026,19,83,FALSE,FALSE,Valid
AI115,Air India,MAA,BLR,MAA → BLR,37:41.7,26:41.7,4/20/2026,19,289,TRUE,FALSE,Valid
AI132,Air India,BLR,BOM,BLR → BOM,32:41.7,41:41.7,4/20/2026,19,129,FALSE,FALSE,Valid
UK209,Vistara,MAA,BLR,MAA → BLR,02:41.7,47:41.7,4/20/2026,19,165,FALSE,FALSE,Valid
SJ043,SpiceJet,MAA,DEL,MAA → DEL,59:41.7,08:41.7,4/20/2026,18,129,FALSE,FALSE,Valid
UK176,Vistara,HYD,BLR,HYD → BLR,41:41.7,49:41.7,4/20/2026,18,248,FALSE,FALSE,Valid
UK216,Vistara,MAA,HYD,MAA → HYD,33:41.7,47:41.7,4/20/2026,18,194,FALSE,FALSE,Valid
UK150,Vistara,DEL,CCU,DEL → CCU,31:41.7,01:41.7,4/20/2026,18,30,FALSE,FALSE,Valid
UK145,Vistara,BOM,HYD,BOM → HYD,30:41.7,41:41.7,4/20/2026,18,131,FALSE,FALSE,Valid
6F270,IndiGo,HYD,MAA,HYD → MAA,14:41.7,02:41.7,4/20/2026,18,48,FALSE,FALSE,Valid
6F012,IndiGo,CCU,HYD,CCU → HYD,06:41.7,31:41.7,4/20/2026,18,205,FALSE,FALSE,Valid
SJ236,SpiceJet,MAA,BOM,MAA → BOM,03:41.7,02:41.7,4/20/2026,18,239,FALSE,FALSE,Valid
6F149,IndiGo,BLR,CCU,BLR → CCU,57:41.7,42:41.7,4/20/2026,17,165,FALSE,FALSE,Valid
UK004,Vistara,BOM,CCU,BOM → CCU,56:41.7,30:41.7,4/20/2026,17,34,FALSE,FALSE,Valid
UK010,Vistara,MAA,HYD,MAA → HYD,53:41.7,40:41.7,4/20/2026,17,167,FALSE,FALSE,Valid
UK215,Vistara,BOM,DEL,BOM → DEL,38:41.7,50:41.7,4/20/2026,17,132,FALSE,FALSE,Valid
SJ116,SpiceJet,HYD,CCU,HYD → CCU,33:41.7,02:41.7,4/20/2026,17,89,FALSE,FALSE,Valid
SJ023,SpiceJet,HYD,MAA,HYD → MAA,27:41.7,09:41.7,4/20/2026,17,102,FALSE,FALSE,Valid
UK152,Vistara,BOM,CCU,BOM → CCU,24:41.7,13:41.7,4/20/2026,17,169,FALSE,FALSE,Valid
SJ202,SpiceJet,CCU,HYD,CCU → HYD,21:41.7,08:41.7,4/20/2026,17,107,FALSE,FALSE,Valid
6F043,IndiGo,BOM,HYD,BOM → HYD,17:41.7,43:41.7,4/20/2026,17,86,FALSE,FALSE,Valid
UK173,Vistara,MAA,BLR,MAA → BLR,06:41.7,22:41.7,4/20/2026,17,256,FALSE,FALSE,Valid
SJ081,SpiceJet,BOM,BLR,BOM → BLR,04:41.7,53:41.7,4/20/2026,17,109,FALSE,FALSE,Valid
UK153,Vistara,CCU,HYD,CCU → HYD,52:41.7,53:41.7,4/20/2026,16,241,FALSE,FALSE,Valid
UK187,Vistara,BLR,BOM,BLR → BOM,52:41.7,42:41.7,4/20/2026,16,110,FALSE,FALSE,Valid
UK055,Vistara,HYD,DEL,HYD → DEL,48:41.7,31:41.7,4/20/2026,16,163,FALSE,FALSE,Valid
UK181,Vistara,MAA,DEL,MAA → DEL,44:41.7,26:41.7,4/20/2026,16,162,FALSE,FALSE,Valid
UK074,Vistara,BOM,DEL,BOM → DEL,44:41.7,41:41.7,4/20/2026,16,117,FALSE,FALSE,Valid
SJ068,SpiceJet,BLR,BOM,BLR → BOM,44:41.7,48:41.7,4/20/2026,16,124,FALSE,FALSE,Valid
AI242,Air India,BLR,CCU,BLR → CCU,41:41.7,43:41.7,4/20/2026,16,62,FALSE,FALSE,Valid
SJ237,SpiceJet,BOM,CCU,BOM → CCU,32:41.7,00:41.7,4/20/2026,16,148,FALSE,FALSE,Valid
6F194,IndiGo,BOM,CCU,BOM → CCU,29:41.7,27:41.7,4/20/2026,16,118,FALSE,FALSE,Valid
UK063,Vistara,DEL,BOM,DEL → BOM,29:41.7,41:41.7,4/20/2026,16,72,FALSE,FALSE,Valid
UK068,Vistara,BLR,MAA,BLR → MAA,28:41.7,09:41.7,4/20/2026,16,101,FALSE,FALSE,Valid
UK224,Vistara,CCU,MAA,CCU → MAA,25:41.7,24:41.7,4/20/2026,16,239,FALSE,FALSE,Valid
UK077,Vistara,HYD,BOM,HYD → BOM,22:41.7,00:41.7,4/20/2026,16,98,FALSE,FALSE,Valid
UK207,Vistara,MAA,CCU,MAA → CCU,21:41.7,36:41.7,4/20/2026,16,75,FALSE,FALSE,Valid
AI221,Air India,MAA,HYD,MAA → HYD,18:41.7,54:41.7,4/20/2026,16,156,FALSE,FALSE,Valid
UK109,Vistara,BLR,BOM,BLR → BOM,06:41.7,06:42.0,4/20/2026,16,60.00496667,FALSE,FALSE,Valid
UK089,Vistara,BOM,HYD,BOM → HYD,38:41.7,50:41.7,4/20/2026,15,252,FALSE,FALSE,Valid
AI072,Air India,BLR,CCU,BLR → CCU,34:41.7,32:41.7,4/20/2026,15,58,FALSE,FALSE,Valid
UK131,Vistara,BOM,DEL,BOM → DEL,33:41.7,39:41.7,4/20/2026,15,246,FALSE,FALSE,Valid
SJ150,SpiceJet,BOM,HYD,BOM → HYD,33:41.7,03:41.7,4/20/2026,15,210,FALSE,FALSE,Valid
6F097,IndiGo,BLR,BOM,BLR → BOM,32:41.7,49:41.7,4/20/2026,15,77,FALSE,FALSE,Valid
6F123,IndiGo,DEL,HYD,DEL → HYD,26:41.7,12:41.7,4/20/2026,15,106,FALSE,FALSE,Valid
6F017,IndiGo,CCU,BOM,CCU → BOM,25:41.7,06:41.7,4/20/2026,15,161,FALSE,FALSE,Valid
6F245,IndiGo,CCU,BOM,CCU → BOM,25:41.7,06:41.7,4/20/2026,15,161,FALSE,FALSE,Valid
6F180,IndiGo,MAA,BLR,MAA → BLR,24:41.7,48:41.7,4/20/2026,15,264,FALSE,FALSE,Valid
6F152,IndiGo,CCU,DEL,CCU → DEL,21:41.7,25:41.7,4/20/2026,15,124,FALSE,FALSE,Valid
SJ034,SpiceJet,MAA,BOM,MAA → BOM,20:41.7,11:41.7,4/20/2026,15,291,FALSE,FALSE,Valid
SJ142,SpiceJet,CCU,BOM,CCU → BOM,14:41.7,56:41.7,4/20/2026,15,102,FALSE,FALSE,Valid
UK189,Vistara,BLR,MAA,BLR → MAA,07:41.7,51:41.7,4/20/2026,15,224,FALSE,FALSE,Valid
SJ044,SpiceJet,DEL,CCU,DEL → CCU,06:41.7,43:41.7,4/20/2026,15,157,FALSE,FALSE,Valid
SJ196,SpiceJet,DEL,HYD,DEL → HYD,58:41.7,44:41.7,4/20/2026,14,166,FALSE,FALSE,Valid
6F188,IndiGo,DEL,HYD,DEL → HYD,57:41.7,39:41.7,4/20/2026,14,282,FALSE,FALSE,Valid
6F181,IndiGo,BOM,MAA,BOM → MAA,55:41.7,43:41.7,4/20/2026,14,108,FALSE,FALSE,Valid
6F077,IndiGo,CCU,DEL,CCU → DEL,55:41.7,13:41.7,4/20/2026,14,258,FALSE,FALSE,Valid
SJ154,SpiceJet,BLR,HYD,BLR → HYD,47:41.7,26:41.7,4/20/2026,14,99,FALSE,FALSE,Valid
AI025,Air India,HYD,DEL,HYD → DEL,46:41.7,11:41.7,4/20/2026,14,145,FALSE,FALSE,Valid
AI094,Air India,DEL,BLR,DEL → BLR,44:41.7,44:42.0,4/20/2026,14,60.00496667,FALSE,FALSE,Valid
6F191,IndiGo,BLR,DEL,BLR → DEL,41:41.7,11:41.7,4/20/2026,14,30,FALSE,FALSE,Valid
SJ085,SpiceJet,BLR,MAA,BLR → MAA,41:41.7,11:41.7,4/20/2026,14,270,FALSE,FALSE,Valid
6F261,IndiGo,CCU,DEL,CCU → DEL,31:41.7,29:41.7,4/20/2026,14,178,FALSE,FALSE,Valid
6F129,IndiGo,DEL,CCU,DEL → CCU,28:41.7,47:41.7,4/20/2026,14,139,FALSE,FALSE,Valid
6F254,IndiGo,MAA,BLR,MAA → BLR,26:41.7,01:41.7,4/20/2026,14,215,FALSE,FALSE,Valid
SJ185,SpiceJet,BOM,CCU,BOM → CCU,21:41.7,21:41.7,4/20/2026,14,60,FALSE,FALSE,Valid
6F030,IndiGo,BOM,DEL,BOM → DEL,20:41.7,10:41.7,4/20/2026,14,170,FALSE,FALSE,Valid
SJ222,SpiceJet,BOM,DEL,BOM → DEL,15:41.7,09:41.7,4/20/2026,14,174,FALSE,FALSE,Valid
6F259,IndiGo,BOM,DEL,BOM → DEL,10:41.7,21:41.7,4/20/2026,14,71,FALSE,FALSE,Valid
UK083,Vistara,DEL,HYD,DEL → HYD,10:41.7,59:41.7,4/20/2026,14,49,FALSE,FALSE,Valid
6F051,IndiGo,BLR,BOM,BLR → BOM,58:41.7,58:41.7,4/20/2026,13,120,FALSE,FALSE,Valid
SJ088,SpiceJet,CCU,MAA,CCU → MAA,54:41.7,26:41.7,4/20/2026,13,32,FALSE,FALSE,Valid
6F146,IndiGo,HYD,MAA,HYD → MAA,51:41.7,07:41.7,4/20/2026,13,76,FALSE,FALSE,Valid
6F047,IndiGo,MAA,DEL,MAA → DEL,50:41.7,55:41.7,4/20/2026,13,125,FALSE,FALSE,Valid
AI077,Air India,CCU,HYD,CCU → HYD,45:41.7,51:41.7,4/20/2026,13,66,FALSE,FALSE,Valid
UK134,Vistara,HYD,CCU,HYD → CCU,44:41.7,26:41.7,4/20/2026,13,222,FALSE,FALSE,Valid
AI056,Air India,DEL,MAA,DEL → MAA,44:41.7,39:41.7,4/20/2026,13,235,FALSE,FALSE,Valid
UK141,Vistara,HYD,MAA,HYD → MAA,38:41.7,59:41.7,4/20/2026,13,141,FALSE,FALSE,Valid
AI030,Air India,CCU,HYD,CCU → HYD,33:41.7,52:41.7,4/20/2026,13,199,FALSE,FALSE,Valid
AI029,Air India,MAA,DEL,MAA → DEL,29:41.7,53:41.7,4/20/2026,13,264,FALSE,FALSE,Valid
SJ167,SpiceJet,MAA,CCU,MAA → CCU,18:41.7,12:41.7,4/20/2026,13,54,FALSE,FALSE,Valid
UK017,Vistara,BLR,HYD,BLR → HYD,14:41.7,49:41.7,4/20/2026,13,95,FALSE,FALSE,Valid
6F229,IndiGo,MAA,DEL,MAA → DEL,10:41.7,30:41.7,4/20/2026,13,80,FALSE,FALSE,Valid
SJ117,SpiceJet,MAA,BLR,MAA → BLR,10:41.7,06:41.7,4/20/2026,13,236,FALSE,FALSE,Valid
6F184,IndiGo,MAA,BOM,MAA → BOM,05:41.7,04:41.7,4/20/2026,13,179,FALSE,FALSE,Valid
AI031,Air India,DEL,MAA,DEL → MAA,05:41.7,11:41.7,4/20/2026,13,186,FALSE,FALSE,Valid
AI178,Air India,CCU,BLR,CCU → BLR,04:41.7,03:41.7,4/20/2026,13,59,FALSE,FALSE,Valid
SJ089,SpiceJet,HYD,CCU,HYD → CCU,42:41.7,15:41.7,4/20/2026,12,273,FALSE,FALSE,Valid
UK166,Vistara,HYD,MAA,HYD → MAA,39:41.7,32:41.7,4/20/2026,12,293,FALSE,FALSE,Valid
UK104,Vistara,DEL,BOM,DEL → BOM,30:41.7,52:41.7,4/20/2026,12,82,FALSE,FALSE,Valid
6F168,IndiGo,HYD,DEL,HYD → DEL,18:41.7,58:41.7,4/20/2026,12,220,FALSE,FALSE,Valid
AI222,Air India,BOM,DEL,BOM → DEL,10:41.7,14:41.7,4/20/2026,12,64,FALSE,FALSE,Valid
SJ025,SpiceJet,BOM,CCU,BOM → CCU,02:41.7,29:41.7,4/20/2026,12,207,FALSE,FALSE,Valid
6F255,IndiGo,DEL,BOM,DEL → BOM,59:41.7,33:41.7,4/20/2026,11,214,FALSE,FALSE,Valid
UK228,Vistara,DEL,MAA,DEL → MAA,58:41.7,08:41.7,4/20/2026,11,190,FALSE,FALSE,Valid
6F158,IndiGo,CCU,MAA,CCU → MAA,58:41.7,04:41.7,4/20/2026,11,246,FALSE,FALSE,Valid
SJ218,SpiceJet,DEL,HYD,DEL → HYD,58:41.7,03:41.7,4/20/2026,11,185,FALSE,FALSE,Valid
6F034,IndiGo,BOM,DEL,BOM → DEL,53:41.7,49:41.7,4/20/2026,11,56,FALSE,FALSE,Valid
UK156,Vistara,MAA,BLR,MAA → BLR,50:41.7,54:41.7,4/20/2026,11,244,FALSE,FALSE,Valid
6F105,IndiGo,BLR,BOM,BLR → BOM,46:41.7,58:41.7,4/20/2026,11,72,FALSE,FALSE,Valid
6F073,IndiGo,DEL,CCU,DEL → CCU,38:41.7,18:41.7,4/20/2026,11,220,FALSE,FALSE,Valid
SJ074,SpiceJet,DEL,CCU,DEL → CCU,21:41.7,02:41.7,4/20/2026,11,41,FALSE,FALSE,Valid
6F234,IndiGo,BOM,DEL,BOM → DEL,20:41.7,11:41.7,4/20/2026,11,171,FALSE,FALSE,Valid
6F068,IndiGo,BLR,HYD,BLR → HYD,17:41.7,06:41.7,4/20/2026,11,229,FALSE,FALSE,Valid
6F074,IndiGo,HYD,BOM,HYD → BOM,09:41.7,29:41.7,4/20/2026,11,200,FALSE,FALSE,Valid
AI038,Air India,HYD,MAA,HYD → MAA,05:41.7,44:41.7,4/20/2026,11,279,FALSE,FALSE,Valid
AI079,Air India,CCU,BLR,CCU → BLR,04:41.7,19:41.7,4/20/2026,11,135,FALSE,FALSE,Valid
SJ018,SpiceJet,BOM,CCU,BOM → CCU,58:41.7,31:41.7,4/20/2026,10,153,FALSE,FALSE,Valid
6F018,IndiGo,DEL,BLR,DEL → BLR,57:41.7,43:41.7,4/20/2026,10,46,FALSE,FALSE,Valid
AI091,Air India,CCU,MAA,CCU → MAA,52:41.7,15:41.7,4/20/2026,10,263,FALSE,FALSE,Valid
UK071,Vistara,DEL,HYD,DEL → HYD,50:41.7,06:41.7,4/20/2026,10,196,FALSE,FALSE,Valid
AI019,Air India,BOM,CCU,BOM → CCU,49:41.7,51:41.7,4/20/2026,10,62,FALSE,FALSE,Valid
UK212,Vistara,HYD,MAA,HYD → MAA,46:41.7,31:41.7,4/20/2026,10,45,FALSE,FALSE,Valid
AI146,Air India,BLR,DEL,BLR → DEL,40:41.7,46:41.7,4/20/2026,10,186,FALSE,FALSE,Valid
6F232,IndiGo,MAA,BLR,MAA → BLR,39:41.7,22:41.7,4/20/2026,10,103,FALSE,FALSE,Valid
6F084,IndiGo,CCU,HYD,CCU → HYD,34:41.7,34:42.0,4/20/2026,10,60.00496667,FALSE,FALSE,Valid
AI129,Air India,BOM,CCU,BOM → CCU,29:41.7,38:41.7,4/20/2026,10,189,FALSE,FALSE,Valid
AI240,Air India,MAA,DEL,MAA → DEL,19:41.7,46:41.7,4/20/2026,10,147,FALSE,FALSE,Valid
6F091,IndiGo,BLR,CCU,BLR → CCU,10:41.7,36:41.7,4/20/2026,10,86,FALSE,FALSE,Valid
UK133,Vistara,BOM,DEL,BOM → DEL,04:41.7,16:41.7,4/20/2026,10,192,FALSE,FALSE,Valid
SJ007,SpiceJet,BOM,CCU,BOM → CCU,03:41.7,53:41.7,4/20/2026,10,290,FALSE,FALSE,Valid
SJ141,SpiceJet,CCU,DEL,CCU → DEL,00:41.7,37:41.7,4/20/2026,10,217,FALSE,FALSE,Valid
6F049,IndiGo,HYD,DEL,HYD → DEL,00:41.7,13:41.7,4/20/2026,10,193,FALSE,FALSE,Valid
SJ235,SpiceJet,BOM,DEL,BOM → DEL,57:41.7,45:41.7,4/20/2026,9,228,FALSE,FALSE,Valid
UK087,Vistara,HYD,MAA,HYD → MAA,49:41.7,17:41.7,4/20/2026,9,208,FALSE,FALSE,Valid
UK170,Vistara,BOM,BLR,BOM → BLR,42:41.7,32:41.7,4/20/2026,9,110,FALSE,FALSE,Valid
SJ078,SpiceJet,DEL,HYD,DEL → HYD,41:41.7,49:41.7,4/20/2026,9,188,FALSE,FALSE,Valid
SJ075,SpiceJet,MAA,BLR,MAA → BLR,26:41.7,03:41.7,4/20/2026,9,97,FALSE,FALSE,Valid
AI159,Air India,HYD,BLR,HYD → BLR,23:41.7,36:41.7,4/20/2026,9,133,FALSE,FALSE,Valid
UK120,Vistara,HYD,DEL,HYD → DEL,19:41.7,30:41.7,4/20/2026,9,251,FALSE,FALSE,Valid
AI059,Air India,CCU,DEL,CCU → DEL,16:41.7,43:41.7,4/20/2026,9,147,FALSE,FALSE,Valid
UK040,Vistara,HYD,CCU,HYD → CCU,15:41.7,32:41.7,4/20/2026,9,77,FALSE,FALSE,Valid
AI044,Air India,MAA,BLR,MAA → BLR,03:41.7,36:41.7,4/20/2026,9,213,FALSE,FALSE,Valid
AI078,Air India,DEL,BOM,DEL → BOM,58:41.7,28:41.7,4/20/2026,8,270,FALSE,FALSE,Valid
SJ226,SpiceJet,HYD,BOM,HYD → BOM,47:41.7,54:41.7,4/20/2026,8,247,FALSE,FALSE,Valid
6F209,IndiGo,MAA,CCU,MAA → CCU,40:41.7,40:41.7,4/20/2026,8,300,FALSE,FALSE,Valid
UK193,Vistara,HYD,DEL,HYD → DEL,39:41.7,14:41.7,4/20/2026,8,35,FALSE,FALSE,Valid
6F092,IndiGo,MAA,BLR,MAA → BLR,39:41.7,15:41.7,4/20/2026,8,36,FALSE,FALSE,Valid
AI208,Air India,BLR,BOM,BLR → BOM,38:41.7,52:41.7,4/20/2026,8,194,FALSE,FALSE,Valid
SJ227,SpiceJet,BOM,CCU,BOM → CCU,32:41.7,53:41.7,4/20/2026,8,261,FALSE,FALSE,Valid
6F238,IndiGo,BOM,DEL,BOM → DEL,31:41.7,19:41.7,4/20/2026,8,48,FALSE,FALSE,Valid
AI084,Air India,BOM,HYD,BOM → HYD,31:41.7,46:41.7,4/20/2026,8,75,FALSE,FALSE,Valid
SJ228,SpiceJet,BOM,CCU,BOM → CCU,29:41.7,16:41.7,4/20/2026,8,227,FALSE,FALSE,Valid
UK194,Vistara,CCU,BOM,CCU → BOM,26:41.7,26:42.0,4/20/2026,8,60.00495,FALSE,FALSE,Valid
6F126,IndiGo,CCU,MAA,CCU → MAA,21:41.7,39:41.7,4/20/2026,8,78,FALSE,FALSE,Valid
SJ052,SpiceJet,MAA,BLR,MAA → BLR,20:41.7,57:41.7,4/20/2026,8,97,FALSE,FALSE,Valid
AI233,Air India,BLR,BOM,BLR → BOM,04:41.7,52:41.7,4/20/2026,8,108,FALSE,FALSE,Valid
AI213,Air India,HYD,CCU,HYD → CCU,03:41.7,14:41.7,4/20/2026,8,71,FALSE,FALSE,Valid
UK076,Vistara,MAA,CCU,MAA → CCU,03:41.7,26:41.7,4/20/2026,8,263,FALSE,FALSE,Valid
SJ022,SpiceJet,DEL,BLR,DEL → BLR,56:41.7,07:41.7,4/20/2026,7,191,FALSE,FALSE,Valid
SJ002,SpiceJet,DEL,BOM,DEL → BOM,54:41.7,40:41.7,4/20/2026,7,286,FALSE,FALSE,Valid
AI163,Air India,HYD,MAA,HYD → MAA,45:41.7,46:41.7,4/20/2026,7,61,FALSE,FALSE,Valid
UK229,Vistara,HYD,DEL,HYD → DEL,40:41.7,57:41.7,4/20/2026,7,257,FALSE,FALSE,Valid
UK185,Vistara,DEL,MAA,DEL → MAA,31:41.7,48:41.7,4/20/2026,7,77,FALSE,FALSE,Valid
6F029,IndiGo,BOM,BLR,BOM → BLR,31:41.7,45:41.7,4/20/2026,7,254,FALSE,FALSE,Valid
6F056,IndiGo,BOM,MAA,BOM → MAA,00:41.7,49:41.7,4/20/2026,7,109,FALSE,FALSE,Valid
AI062,Air India,MAA,DEL,MAA → DEL,49:41.7,25:41.7,4/20/2026,6,36,FALSE,FALSE,Valid
UK034,Vistara,DEL,BLR,DEL → BLR,47:41.7,11:41.7,4/20/2026,6,204,FALSE,FALSE,Valid
UK079,Vistara,DEL,BLR,DEL → BLR,43:41.7,34:41.7,4/20/2026,6,231,FALSE,FALSE,Valid
AI135,Air India,BLR,BOM,BLR → BOM,40:41.7,21:41.7,4/20/2026,6,161,FALSE,FALSE,Valid
SJ061,SpiceJet,MAA,BLR,MAA → BLR,38:41.7,35:41.7,4/20/2026,6,177,FALSE,FALSE,Valid
AI047,Air India,CCU,MAA,CCU → MAA,36:41.7,23:41.7,4/20/2026,6,47,FALSE,FALSE,Valid
UK210,Vistara,DEL,CCU,DEL → CCU,35:41.7,30:41.7,4/20/2026,6,55,FALSE,FALSE,Valid
AI088,Air India,MAA,DEL,MAA → DEL,34:41.7,10:41.7,4/20/2026,6,216,FALSE,FALSE,Valid
UK177,Vistara,DEL,HYD,DEL → HYD,21:41.7,50:41.7,4/20/2026,6,269,FALSE,FALSE,Valid
AI128,Air India,BOM,CCU,BOM → CCU,07:41.7,03:41.7,4/20/2026,6,236,FALSE,FALSE,Valid
AI158,Air India,CCU,DEL,CCU → DEL,04:41.7,01:41.7,4/20/2026,6,177,FALSE,FALSE,Valid
UK206,Vistara,MAA,BLR,MAA → BLR,01:41.7,34:41.7,4/20/2026,6,273,FALSE,FALSE,Valid
SJ138,SpiceJet,BLR,BOM,BLR → BOM,55:41.7,43:41.7,4/20/2026,5,48,FALSE,FALSE,Valid
AI034,Air India,DEL,BOM,DEL → BOM,48:41.7,31:41.7,4/20/2026,5,283,FALSE,FALSE,Valid
AI012,Air India,BOM,CCU,BOM → CCU,44:41.7,47:41.7,4/20/2026,5,243,FALSE,FALSE,Valid
6F083,IndiGo,BLR,DEL,BLR → DEL,24:41.7,03:41.7,4/20/2026,5,39,FALSE,FALSE,Valid
SJ083,SpiceJet,MAA,BLR,MAA → BLR,13:41.7,17:41.7,4/20/2026,5,184,FALSE,FALSE,Valid
SJ186,SpiceJet,CCU,DEL,CCU → DEL,11:41.7,22:41.7,4/20/2026,5,131,FALSE,FALSE,Valid
UK001,Vistara,CCU,DEL,CCU → DEL,06:41.7,31:41.7,4/20/2026,5,85,FALSE,FALSE,Valid
AI217,Air India,CCU,BLR,CCU → BLR,57:41.7,14:41.7,4/20/2026,4,137,FALSE,FALSE,Valid
6F178,IndiGo,BOM,CCU,BOM → CCU,48:41.7,11:41.7,4/20/2026,4,263,FALSE,FALSE,Valid
UK015,Vistara,BLR,BOM,BLR → BOM,46:41.7,33:41.7,4/20/2026,4,107,FALSE,FALSE,Valid
AI112,Air India,DEL,BLR,DEL → BLR,41:41.7,24:41.7,4/20/2026,4,223,FALSE,FALSE,Valid
UK100,Vistara,CCU,BLR,CCU → BLR,40:41.7,12:41.7,4/20/2026,4,152,FALSE,FALSE,Valid
6F133,IndiGo,MAA,BLR,MAA → BLR,38:41.7,25:41.7,4/20/2026,4,107,FALSE,FALSE,Valid
AI227,Air India,BLR,MAA,BLR → MAA,31:41.7,17:41.7,4/20/2026,4,226,FALSE,FALSE,Valid
UK093,Vistara,HYD,CCU,HYD → CCU,31:41.7,21:41.7,4/20/2026,4,50,FALSE,FALSE,Valid
UK203,Vistara,BLR,HYD,BLR → HYD,12:41.7,24:41.7,4/20/2026,4,72,FALSE,FALSE,Valid
UK154,Vistara,MAA,HYD,MAA → HYD,00:41.7,57:41.7,4/20/2026,4,237,FALSE,FALSE,Valid
UK073,Vistara,BLR,CCU,BLR → CCU,59:41.7,09:41.7,4/20/2026,3,250,FALSE,FALSE,Valid
AI164,Air India,DEL,BLR,DEL → BLR,57:41.7,45:41.7,4/20/2026,3,108,FALSE,FALSE,Valid
UK008,Vistara,CCU,BLR,CCU → BLR,57:41.7,34:41.7,4/20/2026,3,37,FALSE,FALSE,Valid
UK051,Vistara,HYD,DEL,HYD → DEL,55:41.7,55:41.7,4/20/2026,3,180,FALSE,FALSE,Valid
UK208,Vistara,DEL,CCU,DEL → CCU,54:41.7,51:41.7,4/20/2026,3,297,FALSE,FALSE,Valid
AI150,Air India,BOM,DEL,BOM → DEL,51:41.7,38:41.7,4/20/2026,3,47,FALSE,FALSE,Valid
AI189,Air India,CCU,DEL,CCU → DEL,44:41.7,32:41.7,4/20/2026,3,108,FALSE,FALSE,Valid
6F230,IndiGo,CCU,BLR,CCU → BLR,34:41.7,47:41.7,4/20/2026,3,193,FALSE,FALSE,Valid
6F169,IndiGo,BOM,DEL,BOM → DEL,27:41.7,06:41.7,4/20/2026,3,279,FALSE,FALSE,Valid
AI205,Air India,BLR,BOM,BLR → BOM,26:41.7,14:41.7,4/20/2026,3,108,FALSE,FALSE,Valid
AI103,Air India,BLR,BOM,BLR → BOM,26:41.7,04:41.7,4/20/2026,3,38,FALSE,FALSE,Valid
AI246,Air India,BOM,BLR,BOM → BLR,22:41.7,41:41.7,4/20/2026,3,199,FALSE,FALSE,Valid
6F187,IndiGo,BOM,MAA,BOM → MAA,19:41.7,37:41.7,4/20/2026,3,258,FALSE,FALSE,Valid
AI082,Air India,DEL,CCU,DEL → CCU,19:41.7,01:41.7,4/20/2026,3,162,FALSE,FALSE,Valid
UK116,Vistara,CCU,BOM,CCU → BOM,18:41.7,06:41.7,4/20/2026,3,228,FALSE,FALSE,Valid
SJ169,SpiceJet,BOM,MAA,BOM → MAA,10:41.7,56:41.7,4/20/2026,3,286,FALSE,FALSE,Valid
AI175,Air India,BOM,HYD,BOM → HYD,08:41.7,55:41.7,4/20/2026,3,227,FALSE,FALSE,Valid
SJ098,SpiceJet,HYD,MAA,HYD → MAA,02:41.7,37:41.7,4/20/2026,3,35,FALSE,FALSE,Valid
SJ191,SpiceJet,BLR,BOM,BLR → BOM,01:41.7,23:41.7,4/20/2026,3,82,FALSE,FALSE,Valid
SJ017,SpiceJet,DEL,MAA,DEL → MAA,57:41.7,00:41.7,4/20/2026,2,123,FALSE,FALSE,Valid
UK188,Vistara,MAA,BLR,MAA → BLR,55:41.7,44:41.7,4/20/2026,2,49,FALSE,FALSE,Valid
AI196,Air India,MAA,HYD,MAA → HYD,52:41.7,25:41.7,4/20/2026,2,93,FALSE,FALSE,Valid
AI068,Air India,BOM,BLR,BOM → BLR,48:41.7,48:42.0,4/20/2026,2,120.0049667,FALSE,FALSE,Valid
SJ097,SpiceJet,BOM,CCU,BOM → CCU,37:41.7,27:41.7,4/20/2026,2,170,FALSE,FALSE,Valid
SJ030,SpiceJet,DEL,HYD,DEL → HYD,36:41.7,19:41.7,4/20/2026,2,43,FALSE,FALSE,Valid
6F179,IndiGo,HYD,MAA,HYD → MAA,25:41.7,40:41.7,4/20/2026,2,255,FALSE,FALSE,Valid
6F156,IndiGo,MAA,BOM,MAA → BOM,23:41.7,57:41.7,4/20/2026,2,154,FALSE,FALSE,Valid
6F250,IndiGo,CCU,BLR,CCU → BLR,23:41.7,56:41.7,4/20/2026,2,33,FALSE,FALSE,Valid
SJ057,SpiceJet,BOM,CCU,BOM → CCU,17:41.7,29:41.7,4/20/2026,2,192,FALSE,FALSE,Valid
6F036,IndiGo,CCU,BLR,CCU → BLR,14:41.7,57:41.7,4/20/2026,2,283,FALSE,FALSE,Valid
6F201,IndiGo,CCU,BOM,CCU → BOM,09:41.7,49:41.7,4/20/2026,2,280,FALSE,FALSE,Valid
6F143,IndiGo,CCU,DEL,CCU → DEL,09:41.7,08:41.7,4/20/2026,2,239,FALSE,FALSE,Valid
6F177,IndiGo,HYD,MAA,HYD → MAA,03:41.7,25:41.7,4/20/2026,2,142,FALSE,FALSE,Valid
6F031,IndiGo,BOM,BLR,BOM → BLR,00:41.7,37:41.7,4/20/2026,2,277,FALSE,FALSE,Valid
UK165,Vistara,DEL,BLR,DEL → BLR,51:41.7,04:41.7,4/20/2026,1,253,FALSE,FALSE,Valid
6F122,IndiGo,DEL,BLR,DEL → BLR,44:41.7,28:41.7,4/20/2026,1,224,FALSE,FALSE,Valid
AI009,Air India,DEL,CCU,DEL → CCU,31:41.7,05:41.7,4/20/2026,1,154,FALSE,FALSE,Valid
6F046,IndiGo,DEL,BLR,DEL → BLR,27:41.7,08:41.7,4/20/2026,1,221,FALSE,FALSE,Valid
AI051,Air India,MAA,BLR,MAA → BLR,27:41.7,22:41.7,4/20/2026,1,55,FALSE,FALSE,Valid
UK222,Vistara,BOM,CCU,BOM → CCU,22:41.7,57:41.7,4/20/2026,1,95,FALSE,FALSE,Valid
SJ127,SpiceJet,BOM,DEL,BOM → DEL,21:41.7,58:41.7,4/20/2026,1,157,FALSE,FALSE,Valid
AI226,Air India,BLR,HYD,BLR → HYD,19:41.7,08:41.7,4/20/2026,1,169,FALSE,FALSE,Valid
AI216,Air India,BOM,CCU,BOM → CCU,10:41.7,34:41.7,4/20/2026,1,84,FALSE,FALSE,Valid
6F058,IndiGo,BOM,CCU,BOM → CCU,04:41.7,33:41.7,4/20/2026,1,149,FALSE,FALSE,Valid
SJ207,SpiceJet,DEL,CCU,DEL → CCU,52:41.7,05:41.7,4/20/2026,0,193,FALSE,FALSE,Valid
SJ198,SpiceJet,CCU,BOM,CCU → BOM,47:41.7,28:41.7,4/20/2026,0,281,FALSE,FALSE,Valid
SJ108,SpiceJet,BLR,HYD,BLR → HYD,40:41.7,16:41.7,4/20/2026,0,156,FALSE,FALSE,Valid
SJ155,SpiceJet,DEL,CCU,DEL → CCU,38:41.7,38:41.7,4/20/2026,0,300,FALSE,FALSE,Valid
6F193,IndiGo,BOM,MAA,BOM → MAA,34:41.7,32:41.7,4/20/2026,0,118,FALSE,FALSE,Valid
6F019,IndiGo,BLR,BOM,BLR → BOM,19:41.7,14:41.7,4/20/2026,0,235,FALSE,FALSE,Valid
AI102,Air India,CCU,BLR,CCU → BLR,17:41.7,08:41.7,4/20/2026,0,291,FALSE,FALSE,Valid
6F166,IndiGo,BOM,CCU,BOM → CCU,03:41.7,33:41.7,4/20/2026,0,270,FALSE,FALSE,Valid
UK175,Vistara,BLR,BOM,BLR → BOM,56:41.7,18:41.7,4/19/2026,23,202,TRUE,FALSE,Valid
6F010,IndiGo,DEL,BLR,DEL → BLR,53:41.7,44:41.7,4/19/2026,23,231,TRUE,FALSE,Valid
AI234,Air India,BOM,MAA,BOM → MAA,50:41.7,34:41.7,4/19/2026,23,104,TRUE,FALSE,Valid
UK135,Vistara,HYD,DEL,HYD → DEL,50:41.7,43:41.7,4/19/2026,23,113,TRUE,FALSE,Valid
6F272,IndiGo,HYD,MAA,HYD → MAA,35:41.7,22:41.7,4/19/2026,23,47,TRUE,FALSE,Valid
AI061,Air India,BOM,CCU,BOM → CCU,31:41.7,02:41.7,4/19/2026,23,91,TRUE,FALSE,Valid
6F070,IndiGo,HYD,DEL,HYD → DEL,23:41.7,24:41.7,4/19/2026,23,181,TRUE,FALSE,Valid
AI015,Air India,BLR,CCU,BLR → CCU,21:41.7,15:41.7,4/19/2026,23,114,TRUE,FALSE,Valid
SJ076,SpiceJet,DEL,MAA,DEL → MAA,01:41.7,02:41.7,4/19/2026,23,181,TRUE,FALSE,Valid
SJ029,SpiceJet,HYD,DEL,HYD → DEL,55:41.7,22:41.7,4/19/2026,22,87,TRUE,FALSE,Valid
SJ194,SpiceJet,CCU,DEL,CCU → DEL,46:41.7,31:41.7,4/19/2026,22,225,TRUE,FALSE,Valid
AI235,Air India,BLR,HYD,BLR → HYD,45:41.7,12:41.7,4/19/2026,22,207,TRUE,FALSE,Valid
SJ048,SpiceJet,MAA,BLR,MAA → BLR,43:41.7,19:41.7,4/19/2026,22,96,TRUE,FALSE,Valid
SJ114,SpiceJet,HYD,DEL,HYD → DEL,42:41.7,02:41.7,4/19/2026,22,200,TRUE,FALSE,Valid
SJ146,SpiceJet,HYD,BLR,HYD → BLR,37:41.7,33:41.7,4/19/2026,22,116,TRUE,FALSE,Valid
UK041,Vistara,HYD,MAA,HYD → MAA,37:41.7,44:41.7,4/19/2026,22,67,FALSE,FALSE,Valid
6F075,IndiGo,BOM,CCU,BOM → CCU,20:41.7,02:41.7,4/19/2026,22,282,TRUE,FALSE,Valid
SJ020,SpiceJet,BLR,BOM,BLR → BOM,18:41.7,27:41.7,4/19/2026,22,249,TRUE,FALSE,Valid
SJ099,SpiceJet,MAA,BLR,MAA → BLR,14:41.7,34:41.7,4/19/2026,22,140,TRUE,FALSE,Valid
6F078,IndiGo,BOM,CCU,BOM → CCU,04:41.7,37:41.7,4/19/2026,22,93,FALSE,FALSE,Valid
UK219,Vistara,BOM,HYD,BOM → HYD,03:41.7,21:41.7,4/19/2026,22,258,TRUE,FALSE,Valid
UK223,Vistara,CCU,DEL,CCU → DEL,58:41.7,30:41.7,4/19/2026,21,32,FALSE,FALSE,Valid
UK227,Vistara,BOM,HYD,BOM → HYD,57:41.7,47:41.7,4/19/2026,21,230,TRUE,FALSE,Valid
6F260,IndiGo,CCU,DEL,CCU → DEL,51:41.7,14:41.7,4/19/2026,21,203,TRUE,FALSE,Valid
AI096,Air India,CCU,DEL,CCU → DEL,48:41.7,46:41.7,4/19/2026,21,298,TRUE,FALSE,Valid
6F022,IndiGo,MAA,BLR,MAA → BLR,46:41.7,05:41.7,4/19/2026,21,259,TRUE,FALSE,Valid
6F237,IndiGo,HYD,MAA,HYD → MAA,41:41.7,44:41.7,4/19/2026,21,183,TRUE,FALSE,Valid
UK146,Vistara,BOM,MAA,BOM → MAA,40:41.7,08:41.7,4/19/2026,21,148,TRUE,FALSE,Valid
SJ015,SpiceJet,BOM,CCU,BOM → CCU,40:41.7,52:41.7,4/19/2026,21,72,FALSE,FALSE,Valid
AI108,Air India,BLR,CCU,BLR → CCU,32:41.7,17:41.7,4/19/2026,21,165,TRUE,FALSE,Valid
UK020,Vistara,MAA,BLR,MAA → BLR,23:41.7,38:41.7,4/19/2026,21,75,FALSE,FALSE,Valid
6F113,IndiGo,BOM,CCU,BOM → CCU,04:41.7,30:41.7,4/19/2026,21,266,TRUE,FALSE,Valid
6F112,IndiGo,HYD,DEL,HYD → DEL,00:41.7,16:41.7,4/19/2026,21,136,FALSE,FALSE,Valid
6F246,IndiGo,HYD,DEL,HYD → DEL,00:41.7,16:41.7,4/19/2026,21,136,FALSE,FALSE,Valid
UK158,Vistara,BOM,MAA,BOM → MAA,49:41.7,22:41.7,4/19/2026,20,33,FALSE,FALSE,Valid
UK159,Vistara,CCU,BLR,CCU → BLR,45:41.7,32:41.7,4/19/2026,20,167,FALSE,FALSE,Valid
UK084,Vistara,MAA,DEL,MAA → DEL,44:41.7,20:41.7,4/19/2026,20,216,TRUE,FALSE,Valid
SJ206,SpiceJet,DEL,CCU,DEL → CCU,43:41.7,21:41.7,4/19/2026,20,278,TRUE,FALSE,Valid
UK044,Vistara,BLR,BOM,BLR → BOM,31:41.7,29:41.7,4/19/2026,20,178,FALSE,FALSE,Valid
SJ036,SpiceJet,DEL,HYD,DEL → HYD,24:41.7,54:41.7,4/19/2026,20,210,FALSE,FALSE,Valid
6F176,IndiGo,CCU,DEL,CCU → DEL,23:42.0,23:42.0,4/19/2026,20,180,FALSE,FALSE,Valid
6F148,IndiGo,CCU,BOM,CCU → BOM,23:41.7,30:41.7,4/19/2026,20,127,FALSE,FALSE,Valid
6F202,IndiGo,HYD,BLR,HYD → BLR,18:41.7,48:41.7,4/19/2026,20,210,FALSE,FALSE,Valid
6F071,IndiGo,DEL,CCU,DEL → CCU,18:41.7,31:41.7,4/19/2026,20,253,TRUE,FALSE,Valid
AI105,Air India,CCU,DEL,CCU → DEL,16:41.7,03:41.7,4/19/2026,20,107,FALSE,FALSE,Valid
AI241,Air India,HYD,BLR,HYD → BLR,11:41.7,18:41.7,4/19/2026,20,127,FALSE,FALSE,Valid
SJ162,SpiceJet,DEL,HYD,DEL → HYD,11:41.7,30:41.7,4/19/2026,20,139,FALSE,FALSE,Valid
6F003,IndiGo,HYD,BOM,HYD → BOM,06:41.7,13:41.7,4/19/2026,20,187,FALSE,FALSE,Valid
6F249,IndiGo,HYD,BOM,HYD → BOM,06:41.7,13:41.7,4/19/2026,20,187,FALSE,FALSE,Valid
AI237,Air India,BOM,CCU,BOM → CCU,58:41.7,13:41.7,4/19/2026,19,195,FALSE,FALSE,Valid
SJ134,SpiceJet,BOM,CCU,BOM → CCU,58:41.7,15:41.7,4/19/2026,19,257,TRUE,FALSE,Valid
AI071,Air India,BOM,MAA,BOM → MAA,55:41.7,58:41.7,4/19/2026,19,183,FALSE,FALSE,Valid
6F118,IndiGo,CCU,HYD,CCU → HYD,52:41.7,01:41.7,4/19/2026,19,69,FALSE,FALSE,Valid
6F014,IndiGo,DEL,MAA,DEL → MAA,42:41.7,15:41.7,4/19/2026,19,213,FALSE,FALSE,Valid
6F065,IndiGo,MAA,BLR,MAA → BLR,40:41.7,23:41.7,4/19/2026,19,163,FALSE,FALSE,Valid
6F271,IndiGo,HYD,MAA,HYD → MAA,33:41.7,52:41.7,4/19/2026,19,199,FALSE,FALSE,Valid
SJ070,SpiceJet,MAA,CCU,MAA → CCU,55:41.7,48:41.7,4/19/2026,18,113,FALSE,FALSE,Valid
6F007,IndiGo,HYD,MAA,HYD → MAA,55:41.7,54:41.7,4/19/2026,18,59,FALSE,FALSE,Valid
UK007,Vistara,DEL,HYD,DEL → HYD,50:41.7,04:41.7,4/19/2026,18,134,FALSE,FALSE,Valid
SJ192,SpiceJet,HYD,BOM,HYD → BOM,45:42.0,45:42.0,4/19/2026,18,-1140,FALSE,TRUE,Invalid Duration
AI097,Air India,HYD,MAA,HYD → MAA,42:41.7,34:41.7,4/19/2026,18,292,FALSE,FALSE,Valid
6F256,IndiGo,BOM,CCU,BOM → CCU,40:41.7,13:41.7,4/19/2026,18,33,FALSE,FALSE,Valid
UK047,Vistara,BLR,HYD,BLR → HYD,40:41.7,45:41.7,4/19/2026,18,245,FALSE,FALSE,Valid
AI024,Air India,MAA,BOM,MAA → BOM,38:41.7,45:41.7,4/19/2026,18,67,FALSE,FALSE,Valid
UK113,Vistara,CCU,DEL,CCU → DEL,34:41.7,58:41.7,4/19/2026,18,264,FALSE,FALSE,Valid
SJ163,SpiceJet,DEL,HYD,DEL → HYD,32:41.7,08:41.7,4/19/2026,18,276,FALSE,FALSE,Valid
SJ208,SpiceJet,DEL,HYD,DEL → HYD,32:41.7,33:41.7,4/19/2026,18,61,FALSE,FALSE,Valid
SJ221,SpiceJet,MAA,HYD,MAA → HYD,31:41.7,17:41.7,4/19/2026,18,286,FALSE,FALSE,Valid
SJ084,SpiceJet,HYD,MAA,HYD → MAA,31:41.7,30:41.7,4/19/2026,18,59,FALSE,FALSE,Valid
6F127,IndiGo,HYD,BOM,HYD → BOM,27:41.7,28:41.7,4/19/2026,18,241,FALSE,FALSE,Valid
AI122,Air India,BOM,CCU,BOM → CCU,25:41.7,36:41.7,4/19/2026,18,251,FALSE,FALSE,Valid
AI139,Air India,HYD,MAA,HYD → MAA,23:41.7,24:41.7,4/19/2026,18,61,FALSE,FALSE,Valid
UK149,Vistara,MAA,DEL,MAA → DEL,22:41.7,08:41.7,4/19/2026,18,286,FALSE,FALSE,Valid
AI149,Air India,BOM,HYD,BOM → HYD,19:41.7,36:41.7,4/19/2026,18,197,FALSE,FALSE,Valid
SJ243,SpiceJet,BLR,DEL,BLR → DEL,17:41.7,03:41.7,4/19/2026,18,286,FALSE,FALSE,Valid
AI053,Air India,CCU,DEL,CCU → DEL,04:41.7,19:41.7,4/19/2026,18,255,FALSE,FALSE,Valid
UK061,Vistara,BLR,BOM,BLR → BOM,58:41.7,48:41.7,4/19/2026,17,110,FALSE,FALSE,Valid
SJ004,SpiceJet,MAA,DEL,MAA → DEL,52:41.7,01:41.7,4/19/2026,17,189,FALSE,FALSE,Valid
AI173,Air India,HYD,DEL,HYD → DEL,36:41.7,27:41.7,4/19/2026,17,291,FALSE,FALSE,Valid
6F085,IndiGo,HYD,MAA,HYD → MAA,32:41.7,32:42.0,4/19/2026,17,120.0049667,FALSE,FALSE,Valid
AI252,Air India,HYD,DEL,HYD → DEL,30:41.7,54:41.7,4/19/2026,17,264,FALSE,FALSE,Valid
SJ109,SpiceJet,BOM,DEL,BOM → DEL,24:41.7,28:41.7,4/19/2026,17,184,FALSE,FALSE,Valid
UK123,Vistara,BOM,DEL,BOM → DEL,24:41.7,18:41.7,4/19/2026,17,174,FALSE,FALSE,Valid
6F125,IndiGo,BOM,CCU,BOM → CCU,09:41.7,13:41.7,4/19/2026,17,244,FALSE,FALSE,Valid
UK183,Vistara,BLR,CCU,BLR → CCU,07:41.7,30:41.7,4/19/2026,17,83,FALSE,FALSE,Valid
AI110,Air India,BOM,CCU,BOM → CCU,07:41.7,00:41.7,4/19/2026,17,293,FALSE,FALSE,Valid
UK105,Vistara,CCU,HYD,CCU → HYD,04:41.7,11:41.7,4/19/2026,17,67,FALSE,FALSE,Valid
6F128,IndiGo,HYD,DEL,HYD → DEL,56:41.7,03:41.7,4/19/2026,16,67,FALSE,FALSE,Valid
6F224,IndiGo,DEL,MAA,DEL → MAA,53:41.7,52:41.7,4/19/2026,16,119,FALSE,FALSE,Valid
SJ130,SpiceJet,BOM,DEL,BOM → DEL,53:41.7,53:41.7,4/19/2026,16,240,FALSE,FALSE,Valid
AI224,Air India,DEL,HYD,DEL → HYD,51:41.7,36:41.7,4/19/2026,16,285,FALSE,FALSE,Valid
SJ182,SpiceJet,CCU,BOM,CCU → BOM,48:41.7,36:41.7,4/19/2026,16,48,FALSE,FALSE,Valid
UK164,Vistara,BOM,HYD,BOM → HYD,46:41.7,10:41.7,4/19/2026,16,264,FALSE,FALSE,Valid
AI161,Air India,CCU,BOM,CCU → BOM,40:41.7,40:41.7,4/19/2026,16,180,FALSE,FALSE,Valid
6F206,IndiGo,DEL,BOM,DEL → BOM,39:41.7,59:41.7,4/19/2026,16,260,FALSE,FALSE,Valid
SJ204,SpiceJet,CCU,DEL,CCU → DEL,34:41.7,15:41.7,4/19/2026,16,101,FALSE,FALSE,Valid
AI206,Air India,CCU,MAA,CCU → MAA,30:41.7,01:41.7,4/19/2026,16,211,FALSE,FALSE,Valid
6F140,IndiGo,CCU,HYD,CCU → HYD,30:41.7,21:41.7,4/19/2026,16,111,FALSE,FALSE,Valid
6F253,IndiGo,MAA,BLR,MAA → BLR,26:41.7,24:41.7,4/19/2026,16,118,FALSE,FALSE,Valid
SJ203,SpiceJet,DEL,HYD,DEL → HYD,22:41.7,27:41.7,4/19/2026,16,125,FALSE,FALSE,Valid
SJ161,SpiceJet,MAA,BLR,MAA → BLR,22:41.7,04:41.7,4/19/2026,16,42,FALSE,FALSE,Valid
AI098,Air India,HYD,MAA,HYD → MAA,01:41.7,11:41.7,4/19/2026,16,130,FALSE,FALSE,Valid
AI168,Air India,DEL,CCU,DEL → CCU,50:41.7,20:41.7,4/19/2026,15,270,FALSE,FALSE,Valid
UK190,Vistara,DEL,BLR,DEL → BLR,49:41.7,53:41.7,4/19/2026,15,184,FALSE,FALSE,Valid
AI085,Air India,DEL,HYD,DEL → HYD,45:41.7,33:41.7,4/19/2026,15,288,FALSE,FALSE,Valid
AI076,Air India,BLR,BOM,BLR → BOM,37:41.7,12:41.7,4/19/2026,15,35,FALSE,FALSE,Valid
UK130,Vistara,MAA,BLR,MAA → BLR,36:41.7,43:41.7,4/19/2026,15,247,FALSE,FALSE,Valid
6F038,IndiGo,HYD,MAA,HYD → MAA,36:41.7,33:41.7,4/19/2026,15,237,FALSE,FALSE,Valid
UK110,Vistara,HYD,DEL,HYD → DEL,26:41.7,13:41.7,4/19/2026,15,287,FALSE,FALSE,Valid
SJ013,SpiceJet,DEL,MAA,DEL → MAA,25:41.7,54:41.7,4/19/2026,15,269,FALSE,FALSE,Valid
AI039,Air India,MAA,BLR,MAA → BLR,24:41.7,56:41.7,4/19/2026,15,212,FALSE,FALSE,Valid
AI248,Air India,CCU,DEL,CCU → DEL,17:41.7,35:41.7,4/19/2026,15,78,FALSE,FALSE,Valid
6F199,IndiGo,DEL,MAA,DEL → MAA,15:41.7,32:41.7,4/19/2026,15,137,FALSE,FALSE,Valid
AI225,Air India,BOM,BLR,BOM → BLR,05:41.7,01:41.7,4/19/2026,15,56,FALSE,FALSE,Valid
SJ028,SpiceJet,CCU,BOM,CCU → BOM,04:41.7,32:41.7,4/19/2026,15,268,FALSE,FALSE,Valid
SJ012,SpiceJet,HYD,BLR,HYD → BLR,01:41.7,12:41.7,4/19/2026,15,71,FALSE,FALSE,Valid
SJ131,SpiceJet,MAA,HYD,MAA → HYD,00:41.7,07:41.7,4/19/2026,15,67,FALSE,FALSE,Valid
AI010,Air India,BOM,HYD,BOM → HYD,00:41.7,48:41.7,4/19/2026,15,288,FALSE,FALSE,Valid
6F020,IndiGo,BOM,HYD,BOM → HYD,58:41.7,43:41.7,4/19/2026,14,105,FALSE,FALSE,Valid
SJ038,SpiceJet,BLR,DEL,BLR → DEL,57:41.7,46:41.7,4/19/2026,14,169,FALSE,FALSE,Valid
UK204,Vistara,BLR,DEL,BLR → DEL,46:41.7,24:41.7,4/19/2026,14,98,FALSE,FALSE,Valid
AI036,Air India,BOM,CCU,BOM → CCU,45:41.7,16:41.7,4/19/2026,14,91,FALSE,FALSE,Valid
AI100,Air India,CCU,BOM,CCU → BOM,42:41.7,22:41.7,4/19/2026,14,220,FALSE,FALSE,Valid
SJ215,SpiceJet,CCU,DEL,CCU → DEL,37:41.7,12:41.7,4/19/2026,14,95,FALSE,FALSE,Valid
UK155,Vistara,MAA,HYD,MAA → HYD,34:41.7,37:41.7,4/19/2026,14,243,FALSE,FALSE,Valid
SJ173,SpiceJet,CCU,HYD,CCU → HYD,27:41.7,09:41.7,4/19/2026,14,102,FALSE,FALSE,Valid
UK179,Vistara,DEL,HYD,DEL → HYD,25:41.7,15:41.7,4/19/2026,14,290,FALSE,FALSE,Valid
UK221,Vistara,CCU,DEL,CCU → DEL,18:41.7,44:41.7,4/19/2026,14,266,FALSE,FALSE,Valid
UK023,Vistara,DEL,MAA,DEL → MAA,15:41.7,03:41.7,4/19/2026,14,288,FALSE,FALSE,Valid
SJ107,SpiceJet,BOM,MAA,BOM → MAA,10:41.7,38:41.7,4/19/2026,14,268,FALSE,FALSE,Valid
AI073,Air India,BOM,BLR,BOM → BLR,08:41.7,10:41.7,4/19/2026,14,122,FALSE,FALSE,Valid
SJ187,SpiceJet,MAA,BLR,MAA → BLR,07:41.7,30:41.7,4/19/2026,14,203,FALSE,FALSE,Valid
UK058,Vistara,MAA,BOM,MAA → BOM,46:41.7,04:41.7,4/19/2026,13,198,FALSE,FALSE,Valid
SJ063,SpiceJet,MAA,BOM,MAA → BOM,38:41.7,23:41.7,4/19/2026,13,105,FALSE,FALSE,Valid
SJ062,SpiceJet,BLR,HYD,BLR → HYD,37:41.7,06:41.7,4/19/2026,13,209,FALSE,FALSE,Valid
UK048,Vistara,MAA,DEL,MAA → DEL,36:41.7,21:41.7,4/19/2026,13,285,FALSE,FALSE,Valid
AI181,Air India,MAA,HYD,MAA → HYD,29:41.7,55:41.7,4/19/2026,13,206,FALSE,FALSE,Valid
AI003,Air India,BLR,HYD,BLR → HYD,27:41.7,55:41.7,4/19/2026,13,208,FALSE,FALSE,Valid
6F041,IndiGo,MAA,BOM,MAA → BOM,19:41.7,48:41.7,4/19/2026,13,209,FALSE,FALSE,Valid
6F175,IndiGo,MAA,CCU,MAA → CCU,18:41.7,13:41.7,4/19/2026,13,115,FALSE,FALSE,Valid
6F013,IndiGo,BOM,CCU,BOM → CCU,15:41.7,05:41.7,4/19/2026,13,290,FALSE,FALSE,Valid
SJ040,SpiceJet,BOM,CCU,BOM → CCU,12:41.7,44:41.7,4/19/2026,13,212,FALSE,FALSE,Valid
SJ016,SpiceJet,HYD,CCU,HYD → CCU,01:41.7,26:41.7,4/19/2026,13,205,FALSE,FALSE,Valid
6F135,IndiGo,MAA,HYD,MAA → HYD,59:41.7,45:41.7,4/19/2026,12,46,FALSE,FALSE,Valid
6F150,IndiGo,HYD,MAA,HYD → MAA,55:41.7,53:41.7,4/19/2026,12,238,FALSE,FALSE,Valid
AI083,Air India,DEL,BOM,DEL → BOM,54:41.7,37:41.7,4/19/2026,12,43,FALSE,FALSE,Valid
SJ166,SpiceJet,CCU,HYD,CCU → HYD,51:41.7,18:41.7,4/19/2026,12,207,FALSE,FALSE,Valid
SJ027,SpiceJet,BOM,MAA,BOM → MAA,50:41.7,13:41.7,4/19/2026,12,263,FALSE,FALSE,Valid
6F134,IndiGo,BLR,MAA,BLR → MAA,47:41.7,06:41.7,4/19/2026,12,79,FALSE,FALSE,Valid
UK225,Vistara,MAA,BLR,MAA → BLR,46:41.7,02:41.7,4/19/2026,12,136,FALSE,FALSE,Valid
SJ175,SpiceJet,MAA,BLR,MAA → BLR,46:41.7,50:41.7,4/19/2026,12,244,FALSE,FALSE,Valid
AI182,Air India,HYD,DEL,HYD → DEL,41:41.7,14:41.7,4/19/2026,12,273,FALSE,FALSE,Valid
AI190,Air India,BOM,CCU,BOM → CCU,38:41.7,56:41.7,4/19/2026,12,198,FALSE,FALSE,Valid
AI120,Air India,MAA,CCU,MAA → CCU,12:41.7,18:41.7,4/19/2026,12,126,FALSE,FALSE,Valid
6F132,IndiGo,MAA,BOM,MAA → BOM,00:41.7,00:42.0,4/19/2026,12,60.00496667,FALSE,FALSE,Valid
UK102,Vistara,HYD,CCU,HYD → CCU,58:41.7,01:41.7,4/19/2026,11,123,FALSE,FALSE,Valid
AI045,Air India,HYD,MAA,HYD → MAA,58:41.7,37:41.7,4/19/2026,11,159,FALSE,FALSE,Valid
UK136,Vistara,HYD,CCU,HYD → CCU,43:41.7,26:41.7,4/19/2026,11,223,FALSE,FALSE,Valid
SJ238,SpiceJet,MAA,BLR,MAA → BLR,41:41.7,39:41.7,4/19/2026,11,238,FALSE,FALSE,Valid
AI193,Air India,MAA,HYD,MAA → HYD,33:41.7,07:41.7,4/19/2026,11,274,FALSE,FALSE,Valid
6F001,IndiGo,HYD,BOM,HYD → BOM,33:41.7,08:41.7,4/19/2026,11,95,FALSE,FALSE,Valid
6F211,IndiGo,MAA,BLR,MAA → BLR,29:41.7,20:41.7,4/19/2026,11,291,FALSE,FALSE,Valid
SJ199,SpiceJet,HYD,BOM,HYD → BOM,29:41.7,59:41.7,4/19/2026,11,150,FALSE,FALSE,Valid
SJ050,SpiceJet,HYD,CCU,HYD → CCU,24:41.7,03:41.7,4/19/2026,11,39,FALSE,FALSE,Valid
UK115,Vistara,BLR,BOM,BLR → BOM,20:41.7,20:42.0,4/19/2026,11,120.0049667,FALSE,FALSE,Valid
AI037,Air India,BOM,BLR,BOM → BLR,14:41.7,13:41.7,4/19/2026,11,239,FALSE,FALSE,Valid
6F235,IndiGo,HYD,MAA,HYD → MAA,06:41.7,51:41.7,4/19/2026,11,165,FALSE,FALSE,Valid
UK111,Vistara,MAA,BLR,MAA → BLR,06:41.7,20:41.7,4/19/2026,11,74,FALSE,FALSE,Valid
6F005,IndiGo,BOM,MAA,BOM → MAA,04:41.7,27:41.7,4/19/2026,11,263,FALSE,FALSE,Valid
AI198,Air India,CCU,MAA,CCU → MAA,56:41.7,19:41.7,4/19/2026,10,203,FALSE,FALSE,Valid
UK184,Vistara,MAA,HYD,MAA → HYD,49:41.7,00:41.7,4/19/2026,10,131,FALSE,FALSE,Valid
6F219,IndiGo,MAA,DEL,MAA → DEL,32:41.7,37:41.7,4/19/2026,10,245,FALSE,FALSE,Valid
UK066,Vistara,BOM,CCU,BOM → CCU,29:41.7,07:41.7,4/19/2026,10,98,FALSE,FALSE,Valid
6F220,IndiGo,HYD,BOM,HYD → BOM,27:41.7,25:41.7,4/19/2026,10,58,FALSE,FALSE,Valid
AI180,Air India,BOM,CCU,BOM → CCU,19:41.7,00:41.7,4/19/2026,10,41,FALSE,FALSE,Valid
6F098,IndiGo,BLR,MAA,BLR → MAA,18:41.7,49:41.7,4/19/2026,10,151,FALSE,FALSE,Valid
AI141,Air India,BLR,DEL,BLR → DEL,16:41.7,53:41.7,4/19/2026,10,277,FALSE,FALSE,Valid
SJ170,SpiceJet,BLR,BOM,BLR → BOM,11:41.7,56:41.7,4/19/2026,10,105,FALSE,FALSE,Valid
SJ178,SpiceJet,BOM,HYD,BOM → HYD,58:41.7,27:41.7,4/19/2026,9,149,FALSE,FALSE,Valid
6F172,IndiGo,BOM,BLR,BOM → BLR,53:41.7,46:41.7,4/19/2026,9,293,FALSE,FALSE,Valid
UK220,Vistara,BLR,BOM,BLR → BOM,51:41.7,25:41.7,4/19/2026,9,214,FALSE,FALSE,Valid
SJ148,SpiceJet,DEL,BLR,DEL → BLR,51:41.7,41:41.7,4/19/2026,9,230,FALSE,FALSE,Valid
UK065,Vistara,BOM,CCU,BOM → CCU,38:41.7,46:41.7,4/19/2026,9,248,FALSE,FALSE,Valid
6F243,IndiGo,BOM,HYD,BOM → HYD,37:41.7,33:41.7,4/19/2026,9,56,FALSE,FALSE,Valid
SJ193,SpiceJet,CCU,DEL,CCU → DEL,37:41.7,16:41.7,4/19/2026,9,159,FALSE,FALSE,Valid
UK056,Vistara,HYD,MAA,HYD → MAA,29:41.7,15:41.7,4/19/2026,9,46,FALSE,FALSE,Valid
AI219,Air India,BLR,DEL,BLR → DEL,28:41.7,27:41.7,4/19/2026,9,119,FALSE,FALSE,Valid
SJ073,SpiceJet,CCU,BLR,CCU → BLR,26:41.7,14:41.7,4/19/2026,9,108,FALSE,FALSE,Valid
6F052,IndiGo,BOM,CCU,BOM → CCU,13:41.7,02:41.7,4/19/2026,9,169,FALSE,FALSE,Valid
SJ201,SpiceJet,BLR,DEL,BLR → DEL,10:41.7,12:41.7,4/19/2026,9,122,FALSE,FALSE,Valid
UK028,Vistara,HYD,MAA,HYD → MAA,02:41.7,37:41.7,4/19/2026,9,95,FALSE,FALSE,Valid
SJ119,SpiceJet,BOM,CCU,BOM → CCU,53:41.7,29:41.7,4/19/2026,8,156,FALSE,FALSE,Valid
AI165,Air India,DEL,CCU,DEL → CCU,51:41.7,31:41.7,4/19/2026,8,100,FALSE,FALSE,Valid
AI255,Air India,MAA,CCU,MAA → CCU,45:41.7,12:41.7,4/19/2026,8,267,FALSE,FALSE,Valid
AI202,Air India,HYD,BLR,HYD → BLR,44:41.7,53:41.7,4/19/2026,8,129,FALSE,FALSE,Valid
SJ039,SpiceJet,MAA,BOM,MAA → BOM,41:41.7,08:41.7,4/19/2026,8,207,FALSE,FALSE,Valid
SJ051,SpiceJet,BOM,BLR,BOM → BLR,40:41.7,18:41.7,4/19/2026,8,218,FALSE,FALSE,Valid
UK024,Vistara,MAA,BLR,MAA → BLR,29:41.7,29:41.7,4/19/2026,8,300,FALSE,FALSE,Valid
SJ006,SpiceJet,HYD,BLR,HYD → BLR,25:41.7,57:41.7,4/19/2026,8,32,FALSE,FALSE,Valid
AI207,Air India,BOM,MAA,BOM → MAA,24:41.7,23:41.7,4/19/2026,8,179,FALSE,FALSE,Valid
SJ168,SpiceJet,CCU,BOM,CCU → BOM,17:41.7,29:41.7,4/19/2026,8,252,FALSE,FALSE,Valid
AI028,Air India,HYD,BOM,HYD → BOM,53:41.7,35:41.7,4/19/2026,7,42,FALSE,FALSE,Valid
6F094,IndiGo,BLR,BOM,BLR → BOM,37:41.7,06:41.7,4/19/2026,7,89,FALSE,FALSE,Valid
6F024,IndiGo,BOM,DEL,BOM → DEL,31:41.7,17:41.7,4/19/2026,7,226,FALSE,FALSE,Valid
6F061,IndiGo,MAA,BOM,MAA → BOM,28:41.7,09:41.7,4/19/2026,7,41,FALSE,FALSE,Valid
AI032,Air India,MAA,BLR,MAA → BLR,26:41.7,26:42.0,4/19/2026,7,120.0049833,FALSE,FALSE,Valid
UK163,Vistara,DEL,HYD,DEL → HYD,22:41.7,04:41.7,4/19/2026,7,102,FALSE,FALSE,Valid
SJ067,SpiceJet,MAA,BLR,MAA → BLR,17:41.7,16:41.7,4/19/2026,7,59,FALSE,FALSE,Valid
SJ106,SpiceJet,CCU,DEL,CCU → DEL,16:41.7,40:41.7,4/19/2026,7,144,FALSE,FALSE,Valid
AI086,Air India,CCU,HYD,CCU → HYD,13:41.7,09:41.7,4/19/2026,7,176,FALSE,FALSE,Valid
6F263,IndiGo,DEL,HYD,DEL → HYD,07:41.7,30:41.7,4/19/2026,7,83,FALSE,FALSE,Valid
6F163,IndiGo,MAA,BOM,MAA → BOM,49:41.7,46:41.7,4/19/2026,6,237,FALSE,FALSE,Valid
SJ064,SpiceJet,CCU,DEL,CCU → DEL,29:41.7,43:41.7,4/19/2026,6,134,FALSE,FALSE,Valid
UK118,Vistara,HYD,BLR,HYD → BLR,22:41.7,22:42.0,4/19/2026,6,60.00496667,FALSE,FALSE,Valid
UK022,Vistara,DEL,HYD,DEL → HYD,22:41.7,59:41.7,4/19/2026,6,277,FALSE,FALSE,Valid
UK099,Vistara,BOM,MAA,BOM → MAA,16:41.7,24:41.7,4/19/2026,6,248,FALSE,FALSE,Valid
6F212,IndiGo,BLR,CCU,BLR → CCU,10:41.7,52:41.7,4/19/2026,6,282,FALSE,FALSE,Valid
AI023,Air India,HYD,BLR,HYD → BLR,10:41.7,35:41.7,4/19/2026,6,205,FALSE,FALSE,Valid
SJ245,SpiceJet,BOM,DEL,BOM → DEL,07:41.7,39:41.7,4/19/2026,6,212,FALSE,FALSE,Valid
6F066,IndiGo,BLR,HYD,BLR → HYD,07:41.7,43:41.7,4/19/2026,6,96,FALSE,FALSE,Valid
AI138,Air India,DEL,CCU,DEL → CCU,50:41.7,40:41.7,4/19/2026,5,50,FALSE,FALSE,Valid
SJ021,SpiceJet,HYD,BLR,HYD → BLR,48:41.7,46:41.7,4/19/2026,5,238,FALSE,FALSE,Valid
SJ136,SpiceJet,HYD,BLR,HYD → BLR,45:41.7,04:41.7,4/19/2026,5,139,FALSE,FALSE,Valid
AI148,Air India,HYD,MAA,HYD → MAA,41:41.7,32:41.7,4/19/2026,5,171,FALSE,FALSE,Valid
SJ014,SpiceJet,BOM,HYD,BOM → HYD,40:41.7,39:41.7,4/19/2026,5,59,FALSE,FALSE,Valid
6F104,IndiGo,CCU,BOM,CCU → BOM,39:41.7,14:41.7,4/19/2026,5,35,FALSE,FALSE,Valid
SJ121,SpiceJet,CCU,DEL,CCU → DEL,32:41.7,47:41.7,4/19/2026,5,75,FALSE,FALSE,Valid
UK174,Vistara,CCU,DEL,CCU → DEL,27:41.7,47:41.7,4/19/2026,5,140,FALSE,FALSE,Valid
AI033,Air India,MAA,CCU,MAA → CCU,25:41.7,21:41.7,4/19/2026,5,296,FALSE,FALSE,Valid
SJ122,SpiceJet,CCU,BOM,CCU → BOM,22:41.7,09:41.7,4/19/2026,5,287,FALSE,FALSE,Valid
UK095,Vistara,BOM,MAA,BOM → MAA,22:41.7,36:41.7,4/19/2026,5,134,FALSE,FALSE,Valid
SJ026,SpiceJet,CCU,MAA,CCU → MAA,22:41.7,40:41.7,4/19/2026,5,258,FALSE,FALSE,Valid
6F221,IndiGo,MAA,DEL,MAA → DEL,20:41.7,52:41.7,4/19/2026,5,212,FALSE,FALSE,Valid
SJ103,SpiceJet,MAA,BLR,MAA → BLR,16:41.7,56:41.7,4/19/2026,5,220,FALSE,FALSE,Valid
SJ011,SpiceJet,BOM,MAA,BOM → MAA,14:41.7,59:41.7,4/19/2026,5,285,FALSE,FALSE,Valid
AI002,Air India,HYD,BLR,HYD → BLR,12:41.7,12:41.7,4/19/2026,5,120,FALSE,FALSE,Valid
AI046,Air India,DEL,BOM,DEL → BOM,09:41.7,00:41.7,4/19/2026,5,171,FALSE,FALSE,Valid
SJ053,SpiceJet,CCU,DEL,CCU → DEL,00:41.7,38:41.7,4/19/2026,5,98,FALSE,FALSE,Valid
AI236,Air India,DEL,BOM,DEL → BOM,52:41.7,11:41.7,4/19/2026,4,259,FALSE,FALSE,Valid
AI254,Air India,CCU,HYD,CCU → HYD,46:41.7,06:41.7,4/19/2026,4,200,FALSE,FALSE,Valid
6F063,IndiGo,DEL,HYD,DEL → HYD,42:41.7,31:41.7,4/19/2026,4,169,FALSE,FALSE,Valid
6F115,IndiGo,MAA,BLR,MAA → BLR,41:41.7,23:41.7,4/19/2026,4,102,FALSE,FALSE,Valid
UK070,Vistara,BOM,DEL,BOM → DEL,36:41.7,49:41.7,4/19/2026,4,133,FALSE,FALSE,Valid
SJ147,SpiceJet,BLR,CCU,BLR → CCU,30:41.7,52:41.7,4/19/2026,4,262,FALSE,FALSE,Valid
UK201,Vistara,HYD,BOM,HYD → BOM,29:41.7,42:41.7,4/19/2026,4,133,FALSE,FALSE,Valid
SJ234,SpiceJet,BLR,CCU,BLR → CCU,20:41.7,23:41.7,4/19/2026,4,123,FALSE,FALSE,Valid
AI176,Air India,BLR,DEL,BLR → DEL,20:41.7,25:41.7,4/19/2026,4,125,FALSE,FALSE,Valid
SJ045,SpiceJet,DEL,MAA,DEL → MAA,16:41.7,03:41.7,4/19/2026,4,287,FALSE,FALSE,Valid
SJ174,SpiceJet,CCU,DEL,CCU → DEL,09:41.7,04:41.7,4/19/2026,4,55,FALSE,FALSE,Valid
AI007,Air India,MAA,DEL,MAA → DEL,01:41.7,01:42.0,4/19/2026,4,120.0049833,FALSE,FALSE,Valid
AI143,Air India,CCU,DEL,CCU → DEL,58:41.7,36:41.7,4/19/2026,3,38,FALSE,FALSE,Valid
SJ241,SpiceJet,DEL,HYD,DEL → HYD,57:41.7,36:41.7,4/19/2026,3,159,FALSE,FALSE,Valid
AI020,Air India,BOM,BLR,BOM → BLR,53:41.7,21:41.7,4/19/2026,3,148,FALSE,FALSE,Valid
UK031,Vistara,CCU,DEL,CCU → DEL,45:41.7,20:41.7,4/19/2026,3,215,FALSE,FALSE,Valid
AI013,Air India,HYD,BLR,HYD → BLR,41:41.7,58:41.7,4/19/2026,3,77,FALSE,FALSE,Valid
AI249,Air India,BLR,HYD,BLR → HYD,38:41.7,27:41.7,4/19/2026,3,169,FALSE,FALSE,Valid
UK046,Vistara,CCU,DEL,CCU → DEL,37:41.7,05:41.7,4/19/2026,3,148,FALSE,FALSE,Valid
UK168,Vistara,BLR,CCU,BLR → CCU,20:41.7,09:41.7,4/19/2026,3,49,FALSE,FALSE,Valid
AI022,Air India,BOM,MAA,BOM → MAA,15:41.7,10:41.7,4/19/2026,3,115,FALSE,FALSE,Valid
UK218,Vistara,MAA,BLR,MAA → BLR,12:41.7,22:41.7,4/19/2026,3,250,FALSE,FALSE,Valid
UK142,Vistara,BLR,DEL,BLR → DEL,03:41.7,13:41.7,4/19/2026,3,250,FALSE,FALSE,Valid
6F067,IndiGo,MAA,BLR,MAA → BLR,59:41.7,02:41.7,4/19/2026,2,183,FALSE,FALSE,Valid
SJ217,SpiceJet,BOM,CCU,BOM → CCU,57:41.7,04:41.7,4/19/2026,2,187,FALSE,FALSE,Valid
SJ143,SpiceJet,DEL,BOM,DEL → BOM,55:41.7,52:41.7,4/19/2026,2,57,FALSE,FALSE,Valid
AI243,Air India,BLR,BOM,BLR → BOM,50:41.7,09:41.7,4/19/2026,2,139,FALSE,FALSE,Valid
SJ246,SpiceJet,BOM,DEL,BOM → DEL,47:41.7,47:42.0,4/19/2026,2,60.00493333,FALSE,FALSE,Valid
6F170,IndiGo,HYD,DEL,HYD → DEL,44:41.7,14:41.7,4/19/2026,2,90,FALSE,FALSE,Valid
UK157,Vistara,CCU,BOM,CCU → BOM,41:41.7,41:42.0,4/19/2026,2,60.00495,FALSE,FALSE,Valid
UK172,Vistara,DEL,BOM,DEL → BOM,20:41.7,21:41.7,4/19/2026,2,181,FALSE,FALSE,Valid
SJ139,SpiceJet,DEL,BLR,DEL → BLR,20:41.7,02:41.7,4/19/2026,2,222,FALSE,FALSE,Valid
UK085,Vistara,MAA,DEL,MAA → DEL,15:41.7,17:41.7,4/19/2026,2,62,FALSE,FALSE,Valid
6F079,IndiGo,MAA,HYD,MAA → HYD,14:41.7,18:41.7,4/19/2026,2,244,FALSE,FALSE,Valid
SJ032,SpiceJet,MAA,BOM,MAA → BOM,11:41.7,33:41.7,4/19/2026,2,142,FALSE,FALSE,Valid
6F182,IndiGo,BOM,CCU,BOM → CCU,10:41.7,18:41.7,4/19/2026,2,128,FALSE,FALSE,Valid
AI106,Air India,HYD,BLR,HYD → BLR,07:41.7,20:41.7,4/19/2026,2,73,FALSE,FALSE,Valid
AI200,Air India,HYD,MAA,HYD → MAA,05:41.7,29:41.7,4/19/2026,2,204,FALSE,FALSE,Valid
6F142,IndiGo,CCU,MAA,CCU → MAA,05:41.7,04:41.7,4/19/2026,2,239,FALSE,FALSE,Valid
SJ079,SpiceJet,HYD,DEL,HYD → DEL,58:41.7,02:41.7,4/19/2026,1,184,FALSE,FALSE,Valid
SJ082,SpiceJet,BOM,DEL,BOM → DEL,54:41.7,33:41.7,4/19/2026,1,39,FALSE,FALSE,Valid
SJ110,SpiceJet,CCU,DEL,CCU → DEL,47:41.7,20:41.7,4/19/2026,1,33,FALSE,FALSE,Valid
6F262,IndiGo,MAA,DEL,MAA → DEL,44:41.7,47:41.7,4/19/2026,1,63,FALSE,FALSE,Valid
UK143,Vistara,BLR,BOM,BLR → BOM,34:41.7,48:41.7,4/19/2026,1,74,FALSE,FALSE,Valid
6F269,IndiGo,HYD,MAA,HYD → MAA,30:41.7,52:41.7,4/19/2026,1,82,FALSE,FALSE,Valid
6F214,IndiGo,BOM,CCU,BOM → CCU,21:41.7,20:41.7,4/19/2026,1,239,FALSE,FALSE,Valid
SJ213,SpiceJet,BOM,CCU,BOM → CCU,19:41.7,48:41.7,4/19/2026,1,209,FALSE,FALSE,Valid
SJ072,SpiceJet,DEL,HYD,DEL → HYD,18:41.7,08:41.7,4/19/2026,1,170,FALSE,FALSE,Valid
6F059,IndiGo,BOM,DEL,BOM → DEL,12:41.7,02:41.7,4/19/2026,1,290,FALSE,FALSE,Valid
UK202,Vistara,DEL,HYD,DEL → HYD,11:41.7,37:41.7,4/19/2026,1,266,FALSE,FALSE,Valid
UK037,Vistara,BLR,BOM,BLR → BOM,10:41.7,12:41.7,4/19/2026,1,242,FALSE,FALSE,Valid
UK069,Vistara,CCU,DEL,CCU → DEL,10:41.7,23:41.7,4/19/2026,1,133,FALSE,FALSE,Valid
SJ118,SpiceJet,DEL,BOM,DEL → BOM,08:41.7,33:41.7,4/19/2026,1,85,FALSE,FALSE,Valid
6F145,IndiGo,CCU,DEL,CCU → DEL,02:41.7,18:41.7,4/19/2026,1,76,FALSE,FALSE,Valid
UK097,Vistara,HYD,BOM,HYD → BOM,49:41.7,00:41.7,4/19/2026,0,251,FALSE,FALSE,Valid
6F117,IndiGo,CCU,DEL,CCU → DEL,46:41.7,51:41.7,4/19/2026,0,65,FALSE,FALSE,Valid
6F226,IndiGo,DEL,BOM,DEL → BOM,38:41.7,55:41.7,4/19/2026,0,137,FALSE,FALSE,Valid
6F050,IndiGo,DEL,BOM,DEL → BOM,35:41.7,32:41.7,4/19/2026,0,237,FALSE,FALSE,Valid
UK196,Vistara,BOM,HYD,BOM → HYD,32:41.7,49:41.7,4/19/2026,0,257,FALSE,FALSE,Valid
SJ086,SpiceJet,CCU,DEL,CCU → DEL,32:41.7,17:41.7,4/19/2026,0,225,FALSE,FALSE,Valid
AI134,Air India,HYD,BOM,HYD → BOM,28:41.7,23:41.7,4/19/2026,0,235,FALSE,FALSE,Valid
AI043,Air India,CCU,DEL,CCU → DEL,28:41.7,37:41.7,4/19/2026,0,249,FALSE,FALSE,Valid
UK119,Vistara,BOM,CCU,BOM → CCU,21:41.7,38:41.7,4/19/2026,0,257,FALSE,FALSE,Valid
SJ181,SpiceJet,BOM,BLR,BOM → BLR,20:41.7,49:41.7,4/19/2026,0,89,FALSE,FALSE,Valid
AI070,Air India,CCU,DEL,CCU → DEL,05:41.7,44:41.7,4/19/2026,0,99,FALSE,FALSE,Valid
6F233,IndiGo,BLR,BOM,BLR → BOM,56:41.7,53:41.7,4/18/2026,23,237,TRUE,FALSE,Valid
UK013,Vistara,BOM,MAA,BOM → MAA,52:41.7,52:41.7,4/18/2026,23,180,TRUE,FALSE,Valid
6F015,IndiGo,BOM,CCU,BOM → CCU,39:41.7,27:41.7,4/18/2026,23,168,TRUE,FALSE,Valid
SJ247,SpiceJet,DEL,BOM,DEL → BOM,38:41.7,43:41.7,4/18/2026,23,245,TRUE,FALSE,Valid
AI067,Air India,HYD,DEL,HYD → DEL,36:41.7,09:41.7,4/18/2026,23,213,TRUE,FALSE,Valid
AI211,Air India,DEL,CCU,DEL → CCU,34:41.7,21:41.7,4/18/2026,23,107,TRUE,FALSE,Valid
UK029,Vistara,DEL,BOM,DEL → BOM,26:41.7,15:41.7,4/18/2026,23,169,TRUE,FALSE,Valid
SJ200,SpiceJet,BOM,DEL,BOM → DEL,24:41.7,11:41.7,4/18/2026,23,167,TRUE,FALSE,Valid
6F087,IndiGo,DEL,HYD,DEL → HYD,24:41.7,10:41.7,4/18/2026,23,226,TRUE,FALSE,Valid
SJ210,SpiceJet,HYD,CCU,HYD → CCU,21:41.7,54:41.7,4/18/2026,23,213,TRUE,FALSE,Valid
AI101,Air India,DEL,BLR,DEL → BLR,20:41.7,23:41.7,4/18/2026,23,183,TRUE,FALSE,Valid
UK075,Vistara,MAA,CCU,MAA → CCU,15:41.7,54:41.7,4/18/2026,23,279,TRUE,FALSE,Valid
SJ091,SpiceJet,BLR,CCU,BLR → CCU,10:41.7,47:41.7,4/18/2026,23,97,TRUE,FALSE,Valid
AI251,Air India,MAA,DEL,MAA → DEL,40:41.7,24:41.7,4/18/2026,22,44,FALSE,FALSE,Valid
SJ042,SpiceJet,HYD,CCU,HYD → CCU,38:41.7,20:41.7,4/18/2026,22,222,TRUE,FALSE,Valid
UK126,Vistara,CCU,DEL,CCU → DEL,37:41.7,03:41.7,4/18/2026,22,86,TRUE,FALSE,Valid
6F042,IndiGo,HYD,DEL,HYD → DEL,35:41.7,41:41.7,4/18/2026,22,246,TRUE,FALSE,Valid
AI116,Air India,CCU,BOM,CCU → BOM,30:41.7,57:41.7,4/18/2026,22,207,TRUE,FALSE,Valid
SJ209,SpiceJet,BLR,BOM,BLR → BOM,22:41.7,03:41.7,4/18/2026,22,221,TRUE,FALSE,Valid
AI123,Air India,MAA,BOM,MAA → BOM,19:41.7,45:41.7,4/18/2026,22,146,TRUE,FALSE,Valid
6F016,IndiGo,HYD,BOM,HYD → BOM,18:41.7,54:41.7,4/18/2026,22,36,FALSE,FALSE,Valid
UK012,Vistara,MAA,BOM,MAA → BOM,16:41.7,25:41.7,4/18/2026,22,129,TRUE,FALSE,Valid
SJ188,SpiceJet,BLR,BOM,BLR → BOM,15:41.7,55:41.7,4/18/2026,22,40,FALSE,FALSE,Valid
UK096,Vistara,BLR,HYD,BLR → HYD,11:41.7,06:41.7,4/18/2026,22,115,TRUE,FALSE,Valid
SJ046,SpiceJet,BOM,MAA,BOM → MAA,01:41.7,25:41.7,4/18/2026,22,204,TRUE,FALSE,Valid
UK081,Vistara,BLR,DEL,BLR → DEL,00:41.7,00:41.7,4/18/2026,22,60,FALSE,FALSE,Valid
UK191,Vistara,MAA,BLR,MAA → BLR,51:41.7,57:41.7,4/18/2026,21,66,FALSE,FALSE,Valid
6F064,IndiGo,CCU,DEL,CCU → DEL,45:41.7,50:41.7,4/18/2026,21,65,FALSE,FALSE,Valid
AI005,Air India,DEL,CCU,DEL → CCU,24:41.7,11:41.7,4/18/2026,21,47,FALSE,FALSE,Valid
6F021,IndiGo,BLR,MAA,BLR → MAA,23:41.7,25:41.7,4/18/2026,21,242,TRUE,FALSE,Valid
AI169,Air India,CCU,DEL,CCU → DEL,21:41.7,34:41.7,4/18/2026,21,253,TRUE,FALSE,Valid
UK035,Vistara,HYD,BOM,HYD → BOM,08:41.7,24:41.7,4/18/2026,21,76,FALSE,FALSE,Valid
AI040,Air India,HYD,BLR,HYD → BLR,01:41.7,42:41.7,4/18/2026,21,101,FALSE,FALSE,Valid
UK042,Vistara,MAA,BOM,MAA → BOM,59:41.7,38:41.7,4/18/2026,20,279,TRUE,FALSE,Valid
SJ171,SpiceJet,DEL,HYD,DEL → HYD,52:41.7,52:41.7,4/18/2026,20,180,FALSE,FALSE,Valid
AI250,Air India,BOM,CCU,BOM → CCU,48:41.7,12:41.7,4/18/2026,20,204,TRUE,FALSE,Valid
SJ195,SpiceJet,BOM,CCU,BOM → CCU,41:41.7,54:41.7,4/18/2026,20,193,FALSE,FALSE,Valid
UK211,Vistara,MAA,CCU,MAA → CCU,39:41.7,02:41.7,4/18/2026,20,83,FALSE,FALSE,Valid
UK122,Vistara,HYD,CCU,HYD → CCU,29:42.0,29:42.0,4/18/2026,20,180,FALSE,FALSE,Valid
AI136,Air India,BLR,DEL,BLR → DEL,29:41.7,48:41.7,4/18/2026,20,199,FALSE,FALSE,Valid
6F141,IndiGo,BOM,CCU,BOM → CCU,26:41.7,28:41.7,4/18/2026,20,122,FALSE,FALSE,Valid
6F053,IndiGo,DEL,HYD,DEL → HYD,26:41.7,39:41.7,4/18/2026,20,253,TRUE,FALSE,Valid
6F136,IndiGo,CCU,DEL,CCU → DEL,24:41.7,01:41.7,4/18/2026,20,37,FALSE,FALSE,Valid
6F009,IndiGo,BLR,CCU,BLR → CCU,21:41.7,36:41.7,4/18/2026,20,195,FALSE,FALSE,Valid
6F023,IndiGo,MAA,BLR,MAA → BLR,18:41.7,14:41.7,4/18/2026,20,236,TRUE,FALSE,Valid
UK006,Vistara,MAA,CCU,MAA → CCU,16:41.7,55:41.7,4/18/2026,20,99,FALSE,FALSE,Valid
SJ165,SpiceJet,CCU,BOM,CCU → BOM,08:41.7,18:41.7,4/18/2026,20,190,FALSE,FALSE,Valid
6F189,IndiGo,MAA,BLR,MAA → BLR,08:41.7,51:41.7,4/18/2026,20,103,FALSE,FALSE,Valid
AI131,Air India,MAA,BOM,MAA → BOM,55:41.7,35:41.7,4/18/2026,19,160,FALSE,FALSE,Valid
6F004,IndiGo,BOM,CCU,BOM → CCU,53:41.7,33:41.7,4/18/2026,19,220,FALSE,FALSE,Valid
AI027,Air India,BOM,MAA,BOM → MAA,41:41.7,23:41.7,4/18/2026,19,222,FALSE,FALSE,Valid
AI238,Air India,CCU,MAA,CCU → MAA,25:41.7,07:41.7,4/18/2026,19,282,TRUE,FALSE,Valid
SJ105,SpiceJet,BOM,HYD,BOM → HYD,22:41.7,48:41.7,4/18/2026,19,206,FALSE,FALSE,Valid
UK088,Vistara,MAA,BLR,MAA → BLR,16:41.7,36:41.7,4/18/2026,19,260,FALSE,FALSE,Valid
6F035,IndiGo,CCU,HYD,CCU → HYD,16:41.7,40:41.7,4/18/2026,19,264,FALSE,FALSE,Valid
AI133,Air India,DEL,CCU,DEL → CCU,12:41.7,32:41.7,4/18/2026,19,140,FALSE,FALSE,Valid
AI001,Air India,DEL,HYD,DEL → HYD,00:41.7,03:41.7,4/18/2026,19,183,FALSE,FALSE,Valid
SJ133,SpiceJet,BOM,CCU,BOM → CCU,50:41.7,29:41.7,4/18/2026,18,159,FALSE,FALSE,Valid
SJ216,SpiceJet,BOM,CCU,BOM → CCU,35:41.7,31:41.7,4/18/2026,18,176,FALSE,FALSE,Valid
SJ225,SpiceJet,DEL,HYD,DEL → HYD,16:41.7,53:41.7,4/18/2026,18,157,FALSE,FALSE,Valid
AI147,Air India,HYD,CCU,HYD → CCU,14:41.7,10:41.7,4/18/2026,18,116,FALSE,FALSE,Valid
SJ054,SpiceJet,MAA,BLR,MAA → BLR,13:41.7,46:41.7,4/18/2026,18,273,FALSE,FALSE,Valid
6F197,IndiGo,BOM,BLR,BOM → BLR,59:41.7,44:41.7,4/18/2026,17,285,FALSE,FALSE,Valid
SJ066,SpiceJet,HYD,CCU,HYD → CCU,47:41.7,03:41.7,4/18/2026,17,76,FALSE,FALSE,Valid
SJ183,SpiceJet,CCU,DEL,CCU → DEL,44:41.7,40:41.7,4/18/2026,17,116,FALSE,FALSE,Valid
SJ151,SpiceJet,BOM,CCU,BOM → CCU,44:41.7,16:41.7,4/18/2026,17,92,FALSE,FALSE,Valid
SJ071,SpiceJet,CCU,MAA,CCU → MAA,43:41.7,32:41.7,4/18/2026,17,109,FALSE,FALSE,Valid
SJ102,SpiceJet,MAA,CCU,MAA → CCU,26:41.7,58:41.7,4/18/2026,17,92,FALSE,FALSE,Valid
AI209,Air India,BLR,CCU,BLR → CCU,25:41.7,37:41.7,4/18/2026,17,72,FALSE,FALSE,Valid
6F111,IndiGo,HYD,DEL,HYD → DEL,09:41.7,02:41.7,4/18/2026,17,173,FALSE,FALSE,Valid
AI050,Air India,BLR,BOM,BLR → BOM,07:41.7,42:41.7,4/18/2026,17,155,FALSE,FALSE,Valid
SJ189,SpiceJet,HYD,BLR,HYD → BLR,05:41.7,01:41.7,4/18/2026,17,296,FALSE,FALSE,Valid
UK112,Vistara,CCU,DEL,CCU → DEL,05:41.7,47:41.7,4/18/2026,17,162,FALSE,FALSE,Valid
6F171,IndiGo,DEL,BLR,DEL → BLR,03:41.7,12:41.7,4/18/2026,17,69,FALSE,FALSE,Valid
AI011,Air India,CCU,BOM,CCU → BOM,58:41.7,01:41.7,4/18/2026,16,243,FALSE,FALSE,Valid
6F027,IndiGo,BLR,DEL,BLR → DEL,52:41.7,21:41.7,4/18/2026,16,89,FALSE,FALSE,Valid
UK082,Vistara,DEL,BOM,DEL → BOM,50:41.7,21:41.7,4/18/2026,16,271,FALSE,FALSE,Valid
UK138,Vistara,DEL,BLR,DEL → BLR,47:41.7,36:41.7,4/18/2026,16,169,FALSE,FALSE,Valid
UK198,Vistara,DEL,BLR,DEL → BLR,43:41.7,18:41.7,4/18/2026,16,95,FALSE,FALSE,Valid
6F039,IndiGo,MAA,CCU,MAA → CCU,43:41.7,01:41.7,4/18/2026,16,258,FALSE,FALSE,Valid
6F157,IndiGo,MAA,CCU,MAA → CCU,37:41.7,04:41.7,4/18/2026,16,87,FALSE,FALSE,Valid
SJ024,SpiceJet,DEL,MAA,DEL → MAA,29:41.7,21:41.7,4/18/2026,16,232,FALSE,FALSE,Valid
6F167,IndiGo,BLR,BOM,BLR → BOM,26:41.7,50:41.7,4/18/2026,16,84,FALSE,FALSE,Valid
AI197,Air India,BOM,CCU,BOM → CCU,25:41.7,00:41.7,4/18/2026,16,215,FALSE,FALSE,Valid
SJ211,SpiceJet,MAA,BOM,MAA → BOM,22:41.7,34:41.7,4/18/2026,16,132,FALSE,FALSE,Valid
6F055,IndiGo,DEL,CCU,DEL → CCU,21:41.7,49:41.7,4/18/2026,16,148,FALSE,FALSE,Valid
AI253,Air India,BLR,BOM,BLR → BOM,13:41.7,51:41.7,4/18/2026,16,218,FALSE,FALSE,Valid
UK060,Vistara,BLR,CCU,BLR → CCU,09:41.7,42:41.7,4/18/2026,16,213,FALSE,FALSE,Valid
6F257,IndiGo,MAA,CCU,MAA → CCU,04:41.7,55:41.7,4/18/2026,16,231,FALSE,FALSE,Valid
SJ135,SpiceJet,MAA,CCU,MAA → CCU,03:41.7,48:41.7,4/18/2026,16,225,FALSE,FALSE,Valid
AI247,Air India,BOM,CCU,BOM → CCU,58:41.7,02:41.7,4/18/2026,15,184,FALSE,FALSE,Valid
UK127,Vistara,BOM,HYD,BOM → HYD,56:41.7,00:41.7,4/18/2026,15,244,FALSE,FALSE,Valid
AI109,Air India,BLR,BOM,BLR → BOM,53:41.7,14:41.7,4/18/2026,15,261,FALSE,FALSE,Valid
AI057,Air India,BOM,CCU,BOM → CCU,53:41.7,22:41.7,4/18/2026,15,209,FALSE,FALSE,Valid
6F103,IndiGo,CCU,MAA,CCU → MAA,37:41.7,32:41.7,4/18/2026,15,175,FALSE,FALSE,Valid
SJ144,SpiceJet,BLR,BOM,BLR → BOM,35:41.7,12:41.7,4/18/2026,15,217,FALSE,FALSE,Valid
6F076,IndiGo,CCU,HYD,CCU → HYD,35:41.7,20:41.7,4/18/2026,15,45,FALSE,FALSE,Valid
6F240,IndiGo,DEL,HYD,DEL → HYD,31:41.7,56:41.7,4/18/2026,15,265,FALSE,FALSE,Valid
UK057,Vistara,CCU,DEL,CCU → DEL,25:41.7,04:41.7,4/18/2026,15,279,FALSE,FALSE,Valid
AI201,Air India,BLR,CCU,BLR → CCU,19:41.7,40:41.7,4/18/2026,15,81,FALSE,FALSE,Valid
SJ242,SpiceJet,BLR,HYD,BLR → HYD,55:41.7,42:41.7,4/18/2026,14,167,FALSE,FALSE,Valid
6F037,IndiGo,BOM,MAA,BOM → MAA,51:41.7,23:41.7,4/18/2026,14,152,FALSE,FALSE,Valid
SJ132,SpiceJet,MAA,DEL,MAA → DEL,44:41.7,36:41.7,4/18/2026,14,52,FALSE,FALSE,Valid
AI055,Air India,CCU,BOM,CCU → BOM,39:41.7,18:41.7,4/18/2026,14,99,FALSE,FALSE,Valid
6F252,IndiGo,MAA,BLR,MAA → BLR,25:41.7,52:41.7,4/18/2026,14,267,FALSE,FALSE,Valid
AI183,Air India,DEL,CCU,DEL → CCU,24:41.7,06:41.7,4/18/2026,14,102,FALSE,FALSE,Valid
SJ125,SpiceJet,DEL,BLR,DEL → BLR,21:41.7,55:41.7,4/18/2026,14,154,FALSE,FALSE,Valid
SJ087,SpiceJet,BOM,DEL,BOM → DEL,20:41.7,09:41.7,4/18/2026,14,289,FALSE,FALSE,Valid
UK182,Vistara,HYD,CCU,HYD → CCU,19:41.7,25:41.7,4/18/2026,14,246,FALSE,FALSE,Valid
AI016,Air India,BOM,CCU,BOM → CCU,15:41.7,38:41.7,4/18/2026,14,263,FALSE,FALSE,Valid
6F107,IndiGo,CCU,BLR,CCU → BLR,14:41.7,14:42.0,4/18/2026,14,180.0049667,FALSE,FALSE,Valid
AI026,Air India,DEL,BOM,DEL → BOM,14:41.7,13:41.7,4/18/2026,14,59,FALSE,FALSE,Valid
AI177,Air India,CCU,HYD,CCU → HYD,11:41.7,26:41.7,4/18/2026,14,135,FALSE,FALSE,Valid
AI041,Air India,BOM,BLR,BOM → BLR,08:41.7,59:41.7,4/18/2026,14,111,FALSE,FALSE,Valid
6F264,IndiGo,DEL,HYD,DEL → HYD,03:41.7,23:41.7,4/18/2026,14,260,FALSE,FALSE,Valid
6F222,IndiGo,HYD,MAA,HYD → MAA,01:41.7,11:41.7,4/18/2026,14,130,FALSE,FALSE,Valid
AI004,Air India,HYD,MAA,HYD → MAA,58:41.7,12:41.7,4/18/2026,13,254,FALSE,FALSE,Valid
SJ126,SpiceJet,DEL,BLR,DEL → BLR,47:41.7,31:41.7,4/18/2026,13,164,FALSE,FALSE,Valid
SJ220,SpiceJet,BOM,CCU,BOM → CCU,45:41.7,21:41.7,4/18/2026,13,96,FALSE,FALSE,Valid
AI204,Air India,CCU,MAA,CCU → MAA,40:41.7,38:41.7,4/18/2026,13,298,FALSE,FALSE,Valid
UK098,Vistara,CCU,DEL,CCU → DEL,38:41.7,54:41.7,4/18/2026,13,256,FALSE,FALSE,Valid
AI090,Air India,MAA,CCU,MAA → CCU,37:41.7,11:41.7,4/18/2026,13,154,FALSE,FALSE,Valid
AI092,Air India,CCU,BOM,CCU → BOM,36:41.7,20:41.7,4/18/2026,13,164,FALSE,FALSE,Valid
AI049,Air India,CCU,MAA,CCU → MAA,35:41.7,48:41.7,4/18/2026,13,133,FALSE,FALSE,Valid
UK117,Vistara,BLR,BOM,BLR → BOM,17:41.7,54:41.7,4/18/2026,13,217,FALSE,FALSE,Valid
6F227,IndiGo,MAA,BOM,MAA → BOM,16:41.7,41:41.7,4/18/2026,13,265,FALSE,FALSE,Valid
AI228,Air India,BLR,BOM,BLR → BOM,16:41.7,44:41.7,4/18/2026,13,268,FALSE,FALSE,Valid
SJ164,SpiceJet,CCU,MAA,CCU → MAA,14:41.7,14:42.0,4/18/2026,13,120.00495,FALSE,FALSE,Valid
AI018,Air India,BOM,CCU,BOM → CCU,12:41.7,04:41.7,4/18/2026,13,292,FALSE,FALSE,Valid
UK192,Vistara,HYD,DEL,HYD → DEL,54:41.7,54:42.0,4/18/2026,12,60.00495,FALSE,FALSE,Valid
SJ224,SpiceJet,DEL,MAA,DEL → MAA,41:41.7,33:41.7,4/18/2026,12,172,FALSE,FALSE,Valid
UK050,Vistara,BOM,DEL,BOM → DEL,39:41.7,18:41.7,4/18/2026,12,39,FALSE,FALSE,Valid
SJ159,SpiceJet,CCU,DEL,CCU → DEL,22:41.7,05:41.7,4/18/2026,12,103,FALSE,FALSE,Valid
UK038,Vistara,MAA,CCU,MAA → CCU,22:41.7,31:41.7,4/18/2026,12,189,FALSE,FALSE,Valid
6F192,IndiGo,CCU,BLR,CCU → BLR,20:41.7,45:41.7,4/18/2026,12,265,FALSE,FALSE,Valid
6F173,IndiGo,BOM,CCU,BOM → CCU,19:41.7,08:41.7,4/18/2026,12,49,FALSE,FALSE,Valid
AI185,Air India,CCU,BOM,CCU → BOM,16:41.7,18:41.7,4/18/2026,12,242,FALSE,FALSE,Valid
SJ152,SpiceJet,BOM,DEL,BOM → DEL,09:41.7,50:41.7,4/18/2026,12,101,FALSE,FALSE,Valid
AI215,Air India,BLR,DEL,BLR → DEL,07:41.7,43:41.7,4/18/2026,12,96,FALSE,FALSE,Valid
AI074,Air India,CCU,BOM,CCU → BOM,03:41.7,50:41.7,4/18/2026,12,47,FALSE,FALSE,Valid
6F109,IndiGo,BLR,BOM,BLR → BOM,00:41.7,51:41.7,4/18/2026,12,51,FALSE,FALSE,Valid
6F144,IndiGo,HYD,BOM,HYD → BOM,56:41.7,11:41.7,4/18/2026,11,195,FALSE,FALSE,Valid
6F210,IndiGo,HYD,DEL,HYD → DEL,51:41.7,58:41.7,4/18/2026,11,247,FALSE,FALSE,Valid
SJ111,SpiceJet,DEL,MAA,DEL → MAA,47:41.7,59:41.7,4/18/2026,11,72,FALSE,FALSE,Valid
UK092,Vistara,MAA,BLR,MAA → BLR,42:41.7,17:41.7,4/18/2026,11,95,FALSE,FALSE,Valid
UK009,Vistara,BOM,DEL,BOM → DEL,34:41.7,41:41.7,4/18/2026,11,127,FALSE,FALSE,Valid
AI170,Air India,HYD,DEL,HYD → DEL,27:41.7,50:41.7,4/18/2026,11,263,FALSE,FALSE,Valid
6F154,IndiGo,CCU,DEL,CCU → DEL,26:41.7,23:41.7,4/18/2026,11,57,FALSE,FALSE,Valid
6F161,IndiGo,MAA,DEL,MAA → DEL,24:41.7,21:41.7,4/18/2026,11,57,FALSE,FALSE,Valid
UK128,Vistara,BOM,CCU,BOM → CCU,22:41.7,11:41.7,4/18/2026,11,169,FALSE,FALSE,Valid
AI186,Air India,DEL,BOM,DEL → BOM,11:41.7,05:41.7,4/18/2026,11,114,FALSE,FALSE,Valid
AI099,Air India,BLR,BOM,BLR → BOM,07:41.7,29:41.7,4/18/2026,11,142,FALSE,FALSE,Valid
6F203,IndiGo,BLR,HYD,BLR → HYD,05:41.7,56:41.7,4/18/2026,11,111,FALSE,FALSE,Valid
UK139,Vistara,BLR,MAA,BLR → MAA,54:41.7,31:41.7,4/18/2026,10,217,FALSE,FALSE,Valid
SJ008,SpiceJet,HYD,BLR,HYD → BLR,53:41.7,48:41.7,4/18/2026,10,295,FALSE,FALSE,Valid
AI171,Air India,MAA,BLR,MAA → BLR,51:41.7,34:41.7,4/18/2026,10,163,FALSE,FALSE,Valid
6F124,IndiGo,BLR,BOM,BLR → BOM,47:41.7,21:41.7,4/18/2026,10,274,FALSE,FALSE,Valid
6F137,IndiGo,CCU,DEL,CCU → DEL,45:41.7,01:41.7,4/18/2026,10,256,FALSE,FALSE,Valid
AI008,Air India,BOM,CCU,BOM → CCU,43:41.7,43:42.0,4/18/2026,10,120.0049833,FALSE,FALSE,Valid
SJ140,SpiceJet,HYD,DEL,HYD → DEL,42:41.7,30:41.7,4/18/2026,10,228,FALSE,FALSE,Valid
UK016,Vistara,DEL,CCU,DEL → CCU,42:41.7,22:41.7,4/18/2026,10,40,FALSE,FALSE,Valid
AI127,Air India,DEL,HYD,DEL → HYD,37:41.7,45:41.7,4/18/2026,10,188,FALSE,FALSE,Valid
SJ096,SpiceJet,DEL,HYD,DEL → HYD,29:41.7,45:41.7,4/18/2026,10,196,FALSE,FALSE,Valid
6F048,IndiGo,HYD,DEL,HYD → DEL,27:41.7,18:41.7,4/18/2026,10,51,FALSE,FALSE,Valid
SJ090,SpiceJet,HYD,MAA,HYD → MAA,24:41.7,11:41.7,4/18/2026,10,167,FALSE,FALSE,Valid
AI014,Air India,HYD,MAA,HYD → MAA,24:41.7,51:41.7,4/18/2026,10,207,FALSE,FALSE,Valid
6F131,IndiGo,BLR,HYD,BLR → HYD,22:41.7,20:41.7,4/18/2026,10,238,FALSE,FALSE,Valid
AI130,Air India,BOM,BLR,BOM → BLR,18:41.7,59:41.7,4/18/2026,10,161,FALSE,FALSE,Valid
UK151,Vistara,BOM,CCU,BOM → CCU,11:41.7,30:41.7,4/18/2026,10,199,FALSE,FALSE,Valid
6F165,IndiGo,BLR,BOM,BLR → BOM,11:41.7,09:41.7,4/18/2026,10,58,FALSE,FALSE,Valid
UK161,Vistara,BLR,BOM,BLR → BOM,05:41.7,48:41.7,4/18/2026,10,163,FALSE,FALSE,Valid
AI107,Air India,HYD,CCU,HYD → CCU,03:41.7,49:41.7,4/18/2026,10,46,FALSE,FALSE,Valid
SJ104,SpiceJet,HYD,DEL,HYD → DEL,00:41.7,00:42.0,4/18/2026,10,60.00496667,FALSE,FALSE,Valid
AI042,Air India,CCU,DEL,CCU → DEL,53:41.7,57:41.7,4/18/2026,9,64,FALSE,FALSE,Valid
6F266,IndiGo,CCU,MAA,CCU → MAA,49:41.7,17:41.7,4/18/2026,9,88,FALSE,FALSE,Valid
6F138,IndiGo,HYD,BLR,HYD → BLR,49:41.7,53:41.7,4/18/2026,9,184,FALSE,FALSE,Valid
SJ219,SpiceJet,BOM,DEL,BOM → DEL,32:41.7,09:41.7,4/18/2026,9,277,FALSE,FALSE,Valid
UK197,Vistara,BLR,HYD,BLR → HYD,22:41.7,54:41.7,4/18/2026,9,92,FALSE,FALSE,Valid
6F119,IndiGo,DEL,BOM,DEL → BOM,19:41.7,33:41.7,4/18/2026,9,134,FALSE,FALSE,Valid
SJ058,SpiceJet,DEL,HYD,DEL → HYD,58:41.7,14:41.7,4/18/2026,8,256,FALSE,FALSE,Valid
AI218,Air India,BOM,CCU,BOM → CCU,55:41.7,55:41.7,4/18/2026,8,180,FALSE,FALSE,Valid
SJ060,SpiceJet,HYD,CCU,HYD → CCU,51:41.7,46:41.7,4/18/2026,8,295,FALSE,FALSE,Valid
UK121,Vistara,BLR,BOM,BLR → BOM,36:41.7,36:41.7,4/18/2026,8,240,FALSE,FALSE,Valid
6F208,IndiGo,CCU,BOM,CCU → BOM,27:41.7,34:41.7,4/18/2026,8,187,FALSE,FALSE,Valid
6F153,IndiGo,CCU,BLR,CCU → BLR,23:41.7,20:41.7,4/18/2026,8,237,FALSE,FALSE,Valid
AI117,Air India,HYD,BLR,HYD → BLR,18:41.7,09:41.7,4/18/2026,8,111,FALSE,FALSE,Valid
SJ113,SpiceJet,BLR,BOM,BLR → BOM,10:41.7,10:42.0,4/18/2026,8,120.0049667,FALSE,FALSE,Valid
AI191,Air India,BLR,MAA,BLR → MAA,57:41.7,58:41.7,4/18/2026,7,241,FALSE,FALSE,Valid
6F267,IndiGo,DEL,MAA,DEL → MAA,56:41.7,49:41.7,4/18/2026,7,233,FALSE,FALSE,Valid
6F185,IndiGo,CCU,DEL,CCU → DEL,49:41.7,08:41.7,4/18/2026,7,139,FALSE,FALSE,Valid
AI114,Air India,CCU,DEL,CCU → DEL,48:41.7,03:41.7,4/18/2026,7,75,FALSE,FALSE,Valid
6F155,IndiGo,DEL,BLR,DEL → BLR,47:41.7,20:41.7,4/18/2026,7,33,FALSE,FALSE,Valid
UK045,Vistara,MAA,HYD,MAA → HYD,43:41.7,28:41.7,4/18/2026,7,105,FALSE,FALSE,Valid
AI111,Air India,MAA,CCU,MAA → CCU,40:41.7,39:41.7,4/18/2026,7,179,FALSE,FALSE,Valid
AI156,Air India,CCU,BOM,CCU → BOM,39:41.7,22:41.7,4/18/2026,7,103,FALSE,FALSE,Valid
SJ128,SpiceJet,CCU,BLR,CCU → BLR,39:41.7,42:41.7,4/18/2026,7,183,FALSE,FALSE,Valid
AI104,Air India,MAA,HYD,MAA → HYD,35:41.7,20:41.7,4/18/2026,7,105,FALSE,FALSE,Valid
6F225,IndiGo,HYD,CCU,HYD → CCU,33:41.7,12:41.7,4/18/2026,7,279,FALSE,FALSE,Valid
6F033,IndiGo,DEL,HYD,DEL → HYD,08:41.7,08:41.7,4/18/2026,7,120,FALSE,FALSE,Valid
6F244,IndiGo,MAA,CCU,MAA → CCU,07:41.7,31:41.7,4/18/2026,7,84,FALSE,FALSE,Valid
UK137,Vistara,BOM,MAA,BOM → MAA,04:41.7,14:41.7,4/18/2026,7,130,FALSE,FALSE,Valid
AI063,Air India,HYD,BLR,HYD → BLR,03:41.7,26:41.7,4/18/2026,7,263,FALSE,FALSE,Valid
SJ156,SpiceJet,BOM,DEL,BOM → DEL,59:41.7,34:41.7,4/18/2026,6,35,FALSE,FALSE,Valid
UK125,Vistara,HYD,BOM,HYD → BOM,58:41.7,44:41.7,4/18/2026,6,286,FALSE,FALSE,Valid
AI232,Air India,DEL,BLR,DEL → BLR,43:41.7,13:41.7,4/18/2026,6,210,FALSE,FALSE,Valid
AI167,Air India,BLR,DEL,BLR → DEL,43:41.7,10:41.7,4/18/2026,6,267,FALSE,FALSE,Valid
UK160,Vistara,BLR,BOM,BLR → BOM,42:41.7,58:41.7,4/18/2026,6,256,FALSE,FALSE,Valid
UK129,Vistara,HYD,MAA,HYD → MAA,29:41.7,29:42.0,4/18/2026,6,60.00496667,FALSE,FALSE,Valid
SJ230,SpiceJet,BOM,CCU,BOM → CCU,22:41.7,57:41.7,4/18/2026,6,275,FALSE,FALSE,Valid
SJ056,SpiceJet,HYD,DEL,HYD → DEL,11:41.7,10:41.7,4/18/2026,6,59,FALSE,FALSE,Valid
SJ137,SpiceJet,CCU,DEL,CCU → DEL,08:41.7,14:41.7,4/18/2026,6,246,FALSE,FALSE,Valid
6F081,IndiGo,MAA,BLR,MAA → BLR,04:41.7,43:41.7,4/18/2026,6,99,FALSE,FALSE,Valid
6F088,IndiGo,CCU,BLR,CCU → BLR,51:41.7,22:41.7,4/18/2026,5,151,FALSE,FALSE,Valid
6F121,IndiGo,HYD,MAA,HYD → MAA,44:41.7,42:41.7,4/18/2026,5,298,FALSE,FALSE,Valid
UK214,Vistara,HYD,DEL,HYD → DEL,30:41.7,10:41.7,4/18/2026,5,220,FALSE,FALSE,Valid
6F060,IndiGo,DEL,BLR,DEL → BLR,29:41.7,29:42.0,4/18/2026,5,120.0049833,FALSE,FALSE,Valid
SJ101,SpiceJet,CCU,DEL,CCU → DEL,17:41.7,57:41.7,4/18/2026,5,100,FALSE,FALSE,Valid
AI017,Air India,CCU,BOM,CCU → BOM,15:41.7,48:41.7,4/18/2026,5,213,FALSE,FALSE,Valid
6F120,IndiGo,BLR,BOM,BLR → BOM,14:41.7,14:41.7,4/18/2026,5,60,FALSE,FALSE,Valid
6F217,IndiGo,BLR,BOM,BLR → BOM,13:41.7,01:41.7,4/18/2026,5,168,FALSE,FALSE,Valid
AI194,Air India,MAA,BLR,MAA → BLR,09:41.7,38:41.7,4/18/2026,5,269,FALSE,FALSE,Valid
AI095,Air India,DEL,MAA,DEL → MAA,00:41.7,18:41.7,4/18/2026,5,198,FALSE,FALSE,Valid
SJ190,SpiceJet,BOM,CCU,BOM → CCU,57:41.7,25:41.7,4/18/2026,4,268,FALSE,FALSE,Valid
6F139,IndiGo,HYD,MAA,HYD → MAA,55:41.7,17:41.7,4/18/2026,4,202,FALSE,FALSE,Valid
6F062,IndiGo,CCU,DEL,CCU → DEL,55:41.7,22:41.7,4/18/2026,4,87,FALSE,FALSE,Valid
UK011,Vistara,CCU,DEL,CCU → DEL,41:41.7,25:41.7,4/18/2026,4,104,FALSE,FALSE,Valid
6F100,IndiGo,BOM,BLR,BOM → BLR,40:41.7,49:41.7,4/18/2026,4,189,FALSE,FALSE,Valid
6F228,IndiGo,HYD,MAA,HYD → MAA,36:41.7,27:41.7,4/18/2026,4,291,FALSE,FALSE,Valid
UK033,Vistara,HYD,DEL,HYD → DEL,34:41.7,18:41.7,4/18/2026,4,284,FALSE,FALSE,Valid
SJ231,SpiceJet,DEL,BLR,DEL → BLR,23:41.7,48:41.7,4/18/2026,4,85,FALSE,FALSE,Valid
AI166,Air India,BOM,CCU,BOM → CCU,20:41.7,23:41.7,4/18/2026,4,183,FALSE,FALSE,Valid
SJ176,SpiceJet,DEL,BOM,DEL → BOM,15:41.7,17:41.7,4/18/2026,4,122,FALSE,FALSE,Valid
SJ065,SpiceJet,MAA,BLR,MAA → BLR,10:41.7,54:41.7,4/18/2026,4,164,FALSE,FALSE,Valid
6F160,IndiGo,MAA,BLR,MAA → BLR,09:41.7,26:41.7,4/18/2026,4,257,FALSE,FALSE,Valid
AI089,Air India,CCU,BOM,CCU → BOM,05:41.7,47:41.7,4/18/2026,4,42,FALSE,FALSE,Valid
UK226,Vistara,MAA,HYD,MAA → HYD,58:41.7,01:41.7,4/18/2026,3,63,FALSE,FALSE,Valid
SJ123,SpiceJet,BOM,CCU,BOM → CCU,57:41.7,25:41.7,4/18/2026,3,88,FALSE,FALSE,Valid
AI054,Air India,HYD,CCU,HYD → CCU,44:41.7,10:41.7,4/18/2026,3,266,FALSE,FALSE,Valid
UK019,Vistara,BOM,HYD,BOM → HYD,41:41.7,35:41.7,4/18/2026,3,54,FALSE,FALSE,Valid
UK032,Vistara,BLR,BOM,BLR → BOM,31:41.7,28:41.7,4/18/2026,3,237,FALSE,FALSE,Valid
SJ100,SpiceJet,MAA,BLR,MAA → BLR,28:41.7,50:41.7,4/18/2026,3,202,FALSE,FALSE,Valid
SJ094,SpiceJet,MAA,HYD,MAA → HYD,23:41.7,07:41.7,4/18/2026,3,284,FALSE,FALSE,Valid
6F101,IndiGo,BOM,MAA,BOM → MAA,18:41.7,15:41.7,4/18/2026,3,297,FALSE,FALSE,Valid
6F006,IndiGo,BOM,BLR,BOM → BLR,06:41.7,06:42.0,4/18/2026,3,120.0049833,FALSE,FALSE,Valid
AI006,Air India,BOM,BLR,BOM → BLR,04:41.7,54:41.7,4/18/2026,3,170,FALSE,FALSE,Valid
AI195,Air India,CCU,MAA,CCU → MAA,58:41.7,57:41.7,4/18/2026,2,119,FALSE,FALSE,Valid
UK072,Vistara,BOM,BLR,BOM → BLR,55:41.7,55:42.0,4/18/2026,2,180.0049667,FALSE,FALSE,Valid
AI244,Air India,BLR,BOM,BLR → BOM,50:41.7,25:41.7,4/18/2026,2,35,FALSE,FALSE,Valid
SJ059,SpiceJet,CCU,DEL,CCU → DEL,50:41.7,06:41.7,4/18/2026,2,76,FALSE,FALSE,Valid
SJ009,SpiceJet,CCU,BLR,CCU → BLR,48:41.7,23:41.7,4/18/2026,2,95,FALSE,FALSE,Valid
AI121,Air India,HYD,MAA,HYD → MAA,42:41.7,11:41.7,4/18/2026,2,209,FALSE,FALSE,Valid
6F265,IndiGo,DEL,HYD,DEL → HYD,27:41.7,24:41.7,4/18/2026,2,57,FALSE,FALSE,Valid
6F110,IndiGo,HYD,DEL,HYD → DEL,27:41.7,48:41.7,4/18/2026,2,201,FALSE,FALSE,Valid
UK018,Vistara,BOM,CCU,BOM → CCU,15:41.7,08:41.7,4/18/2026,2,113,FALSE,FALSE,Valid
6F072,IndiGo,BLR,CCU,BLR → CCU,14:41.7,11:41.7,4/18/2026,2,57,FALSE,FALSE,Valid
6F159,IndiGo,CCU,BOM,CCU → BOM,08:41.7,43:41.7,4/18/2026,2,35,FALSE,FALSE,Valid
6F095,IndiGo,BLR,MAA,BLR → MAA,53:41.7,34:41.7,4/18/2026,1,221,FALSE,FALSE,Valid
SJ129,SpiceJet,CCU,BOM,CCU → BOM,48:41.7,48:41.7,4/18/2026,1,240,FALSE,FALSE,Valid
UK039,Vistara,HYD,BOM,HYD → BOM,40:41.7,53:41.7,4/18/2026,1,73,FALSE,FALSE,Valid
6F130,IndiGo,DEL,HYD,DEL → HYD,27:41.7,45:41.7,4/18/2026,1,78,FALSE,FALSE,Valid
6F247,IndiGo,DEL,HYD,DEL → HYD,27:41.7,45:41.7,4/18/2026,1,78,FALSE,FALSE,Valid
SJ233,SpiceJet,DEL,HYD,DEL → HYD,18:41.7,56:41.7,4/18/2026,1,98,FALSE,FALSE,Valid
6F231,IndiGo,HYD,MAA,HYD → MAA,16:41.7,43:41.7,4/18/2026,1,267,FALSE,FALSE,Valid
AI125,Air India,CCU,DEL,CCU → DEL,12:41.7,51:41.7,4/18/2026,1,219,FALSE,FALSE,Valid
6F102,IndiGo,HYD,MAA,HYD → MAA,10:41.7,24:41.7,4/18/2026,1,74,FALSE,FALSE,Valid
UK078,Vistara,BOM,HYD,BOM → HYD,03:41.7,32:41.7,4/18/2026,1,209,FALSE,FALSE,Valid
UK043,Vistara,DEL,HYD,DEL → HYD,48:41.7,52:41.7,4/18/2026,0,244,FALSE,FALSE,Valid
AI144,Air India,MAA,BOM,MAA → BOM,43:41.7,36:41.7,4/18/2026,0,173,FALSE,FALSE,Valid
UK054,Vistara,BLR,BOM,BLR → BOM,37:41.7,30:41.7,4/18/2026,0,293,FALSE,FALSE,Valid
UK108,Vistara,DEL,BLR,DEL → BLR,28:41.7,46:41.7,4/18/2026,0,198,FALSE,FALSE,Valid
6F008,IndiGo,DEL,BOM,DEL → BOM,14:41.7,59:41.7,4/18/2026,0,285,FALSE,FALSE,Valid
6F106,IndiGo,BOM,CCU,BOM → CCU,10:41.7,52:41.7,4/18/2026,0,102,FALSE,FALSE,Valid
AI203,Air India,BOM,CCU,BOM → CCU,09:41.7,56:41.7,4/18/2026,0,167,FALSE,FALSE,Valid
AI065,Air India,MAA,BLR,MAA → BLR,09:41.7,00:41.7,4/18/2026,0,291,FALSE,FALSE,Valid
UK053,Vistara,BLR,BOM,BLR → BOM,56:41.7,46:41.7,4/17/2026,23,170,TRUE,FALSE,Valid
UK086,Vistara,CCU,BLR,CCU → BLR,55:41.7,27:41.7,4/17/2026,23,152,TRUE,FALSE,Valid
SJ223,SpiceJet,HYD,MAA,HYD → MAA,54:41.7,08:41.7,4/17/2026,23,74,TRUE,FALSE,Valid
6F069,IndiGo,MAA,BLR,MAA → BLR,44:41.7,17:41.7,4/17/2026,23,213,TRUE,FALSE,Valid
6F032,IndiGo,DEL,BOM,DEL → BOM,43:41.7,22:41.7,4/17/2026,23,159,TRUE,FALSE,Valid
UK178,Vistara,DEL,BLR,DEL → BLR,41:41.7,09:41.7,4/17/2026,23,268,TRUE,FALSE,Valid
6F108,IndiGo,DEL,HYD,DEL → HYD,41:41.7,23:41.7,4/17/2026,23,222,TRUE,FALSE,Valid
UK147,Vistara,CCU,DEL,CCU → DEL,35:41.7,55:41.7,4/17/2026,23,200,TRUE,FALSE,Valid
AI187,Air India,BLR,HYD,BLR → HYD,32:41.7,16:41.7,4/17/2026,23,104,TRUE,FALSE,Valid
UK213,Vistara,BOM,CCU,BOM → CCU,21:41.7,01:41.7,4/17/2026,23,100,TRUE,FALSE,Valid
AI035,Air India,DEL,MAA,DEL → MAA,17:41.7,48:41.7,4/17/2026,23,91,TRUE,FALSE,Valid
UK186,Vistara,BOM,BLR,BOM → BLR,05:41.7,22:41.7,4/17/2026,23,197,TRUE,FALSE,Valid
6F045,IndiGo,BOM,HYD,BOM → HYD,04:41.7,38:41.7,4/17/2026,23,274,TRUE,FALSE,Valid
UK025,Vistara,DEL,BOM,DEL → BOM,55:41.7,47:41.7,4/17/2026,22,232,TRUE,FALSE,Valid
UK162,Vistara,BOM,CCU,BOM → CCU,47:41.7,21:41.7,4/17/2026,22,94,TRUE,FALSE,Valid
AI157,Air India,BLR,CCU,BLR → CCU,45:41.7,33:41.7,4/17/2026,22,168,TRUE,FALSE,Valid
6F096,IndiGo,MAA,BLR,MAA → BLR,45:41.7,58:41.7,4/17/2026,22,253,TRUE,FALSE,Valid
SJ229,SpiceJet,CCU,DEL,CCU → DEL,25:41.7,27:41.7,4/17/2026,22,122,TRUE,FALSE,Valid
AI214,Air India,CCU,DEL,CCU → DEL,23:41.7,49:41.7,4/17/2026,22,266,TRUE,FALSE,Valid
6F205,IndiGo,HYD,BOM,HYD → BOM,16:41.7,02:41.7,4/17/2026,22,106,TRUE,FALSE,Valid
SJ157,SpiceJet,DEL,HYD,DEL → HYD,11:41.7,05:41.7,4/17/2026,22,174,TRUE,FALSE,Valid
UK114,Vistara,HYD,CCU,HYD → CCU,10:41.7,58:41.7,4/17/2026,22,108,FALSE,FALSE,Valid
6F054,IndiGo,HYD,BLR,HYD → BLR,00:41.7,25:41.7,4/17/2026,22,205,TRUE,FALSE,Valid
6F216,IndiGo,BLR,DEL,BLR → DEL,58:41.7,51:41.7,4/17/2026,21,293,TRUE,FALSE,Valid
AI231,Air India,DEL,HYD,DEL → HYD,52:41.7,51:41.7,4/17/2026,21,119,FALSE,FALSE,Valid
UK103,Vistara,MAA,DEL,MAA → DEL,52:41.7,06:41.7,4/17/2026,21,194,TRUE,FALSE,Valid
AI066,Air India,HYD,MAA,HYD → MAA,51:41.7,11:41.7,4/17/2026,21,140,TRUE,FALSE,Valid
6F186,IndiGo,HYD,BOM,HYD → BOM,48:41.7,02:41.7,4/17/2026,21,254,TRUE,FALSE,Valid
AI021,Air India,DEL,HYD,DEL → HYD,39:41.7,38:41.7,4/17/2026,21,239,TRUE,FALSE,Valid
AI113,Air India,CCU,HYD,CCU → HYD,21:41.7,51:41.7,4/17/2026,21,150,FALSE,FALSE,Valid
SJ031,SpiceJet,DEL,BOM,DEL → BOM,20:41.7,29:41.7,4/17/2026,21,69,FALSE,FALSE,Valid
UK217,Vistara,MAA,CCU,MAA → CCU,19:41.7,14:41.7,4/17/2026,21,55,FALSE,FALSE,Valid
SJ120,SpiceJet,MAA,BLR,MAA → BLR,19:41.7,56:41.7,4/17/2026,21,217,TRUE,FALSE,Valid
UK180,Vistara,CCU,MAA,CCU → MAA,18:41.7,29:41.7,4/17/2026,21,131,FALSE,FALSE,Valid
6F242,IndiGo,BLR,MAA,BLR → MAA,10:41.7,04:41.7,4/17/2026,21,234,TRUE,FALSE,Valid
UK080,Vistara,BLR,MAA,BLR → MAA,09:41.7,29:41.7,4/17/2026,21,80,FALSE,FALSE,Valid
SJ124,SpiceJet,HYD,DEL,HYD → DEL,05:41.7,12:41.7,4/17/2026,21,247,TRUE,FALSE,Valid
SJ115,SpiceJet,BOM,HYD,BOM → HYD,05:41.7,10:41.7,4/17/2026,21,125,FALSE,FALSE,Valid
AI081,Air India,CCU,BOM,CCU → BOM,03:41.7,51:41.7,4/17/2026,21,108,FALSE,FALSE,Valid
AI142,Air India,BOM,DEL,BOM → DEL,49:41.7,03:41.7,4/17/2026,20,134,FALSE,FALSE,Valid
UK052,Vistara,BLR,CCU,BLR → CCU,48:41.7,40:41.7,4/17/2026,20,52,FALSE,FALSE,Valid
UK014,Vistara,HYD,MAA,HYD → MAA,41:41.7,06:41.7,4/17/2026,20,85,FALSE,FALSE,Valid
AI230,Air India,CCU,BLR,CCU → BLR,37:41.7,22:41.7,4/17/2026,20,225,TRUE,FALSE,Valid
6F268,IndiGo,DEL,MAA,DEL → MAA,29:41.7,58:41.7,4/17/2026,20,89,FALSE,FALSE,Valid
AI124,Air India,CCU,HYD,CCU → HYD,28:41.7,00:41.7,4/17/2026,20,212,TRUE,FALSE,Valid
6F082,IndiGo,BOM,BLR,BOM → BLR,26:41.7,26:41.7,4/17/2026,20,120,FALSE,FALSE,Valid
SJ035,SpiceJet,CCU,DEL,CCU → DEL,15:41.7,15:42.0,4/17/2026,20,60.00498333,FALSE,FALSE,Valid
SJ095,SpiceJet,DEL,MAA,DEL → MAA,09:41.7,13:41.7,4/17/2026,20,184,FALSE,FALSE,Valid
UK230,Vistara,BLR,BOM,BLR → BOM,02:41.7,35:41.7,4/17/2026,20,93,FALSE,FALSE,Valid
UK171,Vistara,HYD,CCU,HYD → CCU,59:41.7,53:41.7,4/17/2026,19,174,FALSE,FALSE,Valid
6F147,IndiGo,HYD,MAA,HYD → MAA,57:41.7,31:41.7,4/17/2026,19,274,TRUE,FALSE,Valid
SJ212,SpiceJet,MAA,BLR,MAA → BLR,49:41.7,44:41.7,4/17/2026,19,115,FALSE,FALSE,Valid
6F080,IndiGo,HYD,MAA,HYD → MAA,47:41.7,13:41.7,4/17/2026,19,206,FALSE,FALSE,Valid
UK049,Vistara,HYD,BOM,HYD → BOM,47:41.7,32:41.7,4/17/2026,19,45,FALSE,FALSE,Valid
AI152,Air India,BLR,CCU,BLR → CCU,21:41.7,26:41.7,4/17/2026,19,65,FALSE,FALSE,Valid
AI162,Air India,MAA,DEL,MAA → DEL,20:41.7,40:41.7,4/17/2026,19,200,FALSE,FALSE,Valid
SJ037,SpiceJet,BLR,BOM,BLR → BOM,14:41.7,31:41.7,4/17/2026,19,197,FALSE,FALSE,Valid
AI172,Air India,BOM,CCU,BOM → CCU,08:41.7,53:41.7,4/17/2026,19,45,FALSE,FALSE,Valid
UK205,Vistara,HYD,MAA,HYD → MAA,57:41.7,46:41.7,4/17/2026,18,169,FALSE,FALSE,Valid
AI199,Air India,HYD,DEL,HYD → DEL,47:41.7,26:41.7,4/17/2026,18,219,FALSE,FALSE,Valid
6F241,IndiGo,DEL,HYD,DEL → HYD,27:41.7,02:41.7,4/17/2026,18,35,FALSE,FALSE,Valid
SJ041,SpiceJet,CCU,HYD,CCU → HYD,24:41.7,59:41.7,4/17/2026,18,275,FALSE,FALSE,Valid
AI064,Air India,BLR,MAA,BLR → MAA,24:41.7,07:41.7,4/17/2026,18,103,FALSE,FALSE,Valid
UK169,Vistara,HYD,DEL,HYD → DEL,12:41.7,01:41.7,4/17/2026,18,289,FALSE,FALSE,Valid
UK144,Vistara,BOM,CCU,BOM → CCU,07:41.7,59:41.7,4/17/2026,18,172,FALSE,FALSE,Valid
AI118,Air India,HYD,MAA,HYD → MAA,50:41.7,59:41.7,4/17/2026,17,129,FALSE,FALSE,Valid
SJ145,SpiceJet,BLR,HYD,BLR → HYD,41:41.7,38:41.7,4/17/2026,17,177,FALSE,FALSE,Valid
SJ077,SpiceJet,BLR,MAA,BLR → MAA,32:41.7,40:41.7,4/17/2026,17,128,FALSE,FALSE,Valid
AI126,Air India,MAA,HYD,MAA → HYD,26:41.7,48:41.7,4/17/2026,17,202,FALSE,FALSE,Valid
SJ033,SpiceJet,HYD,DEL,HYD → DEL,26:41.7,51:41.7,4/17/2026,17,85,FALSE,FALSE,Valid
SJ180,SpiceJet,HYD,CCU,HYD → CCU,12:41.7,00:41.7,4/17/2026,17,288,FALSE,FALSE,Valid
6F183,IndiGo,MAA,HYD,MAA → HYD,08:41.7,52:41.7,4/17/2026,17,164,FALSE,FALSE,Valid
AI145,Air India,DEL,BOM,DEL → BOM,06:41.7,31:41.7,4/17/2026,17,265,FALSE,FALSE,Valid
6F089,IndiGo,DEL,HYD,DEL → HYD,06:41.7,10:41.7,4/17/2026,17,124,FALSE,FALSE,Valid
6F207,IndiGo,BOM,HYD,BOM → HYD,59:41.7,00:41.7,4/17/2026,16,241,FALSE,FALSE,Valid
AI229,Air India,HYD,MAA,HYD → MAA,48:41.7,40:41.7,4/17/2026,16,112,FALSE,FALSE,Valid
6F223,IndiGo,MAA,BLR,MAA → BLR,47:41.7,21:41.7,4/17/2026,16,34,FALSE,FALSE,Valid
6F116,IndiGo,MAA,CCU,MAA → CCU,43:41.7,02:41.7,4/17/2026,16,139,FALSE,FALSE,Valid
SJ240,SpiceJet,BOM,HYD,BOM → HYD,42:41.7,21:41.7,4/17/2026,16,219,FALSE,FALSE,Valid
SJ184,SpiceJet,CCU,DEL,CCU → DEL,32:41.7,00:41.7,4/17/2026,16,268,FALSE,FALSE,Valid
AI087,Air India,MAA,DEL,MAA → DEL,32:41.7,30:41.7,4/17/2026,16,238,FALSE,FALSE,Valid
UK148,Vistara,HYD,BOM,HYD → BOM,31:41.7,43:41.7,4/17/2026,16,132,FALSE,FALSE,Valid
AI210,Air India,BLR,BOM,BLR → BOM,13:41.7,50:41.7,4/17/2026,16,157,FALSE,FALSE,Valid
6F093,IndiGo,CCU,DEL,CCU → DEL,09:41.7,00:41.7,4/17/2026,16,231,FALSE,FALSE,Valid
SJ080,SpiceJet,CCU,MAA,CCU → MAA,04:41.7,59:41.7,4/17/2026,16,115,FALSE,FALSE,Valid
SJ005,SpiceJet,DEL,MAA,DEL → MAA,03:41.7,24:41.7,4/17/2026,16,81,FALSE,FALSE,Valid
6F040,IndiGo,HYD,CCU,HYD → CCU,52:41.7,33:41.7,4/17/2026,15,281,FALSE,FALSE,Valid
AI212,Air India,DEL,CCU,DEL → CCU,31:41.7,13:41.7,4/17/2026,15,282,FALSE,FALSE,Valid
AI154,Air India,HYD,MAA,HYD → MAA,25:41.7,16:41.7,4/17/2026,15,231,FALSE,FALSE,Valid
6F239,IndiGo,CCU,BOM,CCU → BOM,24:41.7,37:41.7,4/17/2026,15,133,FALSE,FALSE,Valid
UK199,Vistara,BOM,CCU,BOM → CCU,24:41.7,55:41.7,4/17/2026,15,211,FALSE,FALSE,Valid
6F218,IndiGo,BLR,BOM,BLR → BOM,16:41.7,03:41.7,4/17/2026,15,227,FALSE,FALSE,Valid
6F011,IndiGo,MAA,BLR,MAA → BLR,16:41.7,16:42.0,4/17/2026,15,120.0049833,FALSE,FALSE,Valid
UK106,Vistara,BOM,CCU,BOM → CCU,12:41.7,23:41.7,4/17/2026,15,131,FALSE,FALSE,Valid
UK030,Vistara,CCU,DEL,CCU → DEL,11:41.7,38:41.7,4/17/2026,15,267,FALSE,FALSE,Valid
6F090,IndiGo,HYD,BLR,HYD → BLR,10:41.7,22:41.7,4/17/2026,15,252,FALSE,FALSE,Valid
AI184,Air India,BOM,CCU,BOM → CCU,03:41.7,03:42.0,4/17/2026,15,120.00495,FALSE,FALSE,Valid
SJ232,SpiceJet,MAA,BLR,MAA → BLR,02:41.7,22:41.7,4/17/2026,15,260,FALSE,FALSE,Valid
AI153,Air India,BOM,CCU,BOM → CCU,02:41.7,30:41.7,4/17/2026,15,88,FALSE,FALSE,Valid
UK101,Vistara,DEL,HYD,DEL → HYD,00:41.7,43:41.7,4/17/2026,15,163,FALSE,FALSE,Valid
6F200,IndiGo,HYD,DEL,HYD → DEL,54:41.7,41:41.7,4/17/2026,14,287,FALSE,FALSE,Valid
6F162,IndiGo,CCU,BOM,CCU → BOM,50:41.7,44:41.7,4/17/2026,14,174,FALSE,FALSE,Valid
SJ197,SpiceJet,HYD,BLR,HYD → BLR,49:41.7,33:41.7,4/17/2026,14,164,FALSE,FALSE,Valid
AI174,Air India,DEL,CCU,DEL → CCU,45:41.7,01:41.7,4/17/2026,14,136,FALSE,FALSE,Valid
UK090,Vistara,HYD,MAA,HYD → MAA,44:41.7,24:41.7,4/17/2026,14,160,FALSE,FALSE,Valid
UK124,Vistara,MAA,BLR,MAA → BLR,35:41.7,09:41.7,4/17/2026,14,154,FALSE,FALSE,Valid
AI239,Air India,BOM,HYD,BOM → HYD,33:41.7,47:41.7,4/17/2026,14,194,FALSE,FALSE,Valid
UK002,Vistara,CCU,MAA,CCU → MAA,28:41.7,20:41.7,4/17/2026,14,292,FALSE,FALSE,Valid
SJ055,SpiceJet,HYD,MAA,HYD → MAA,17:41.7,56:41.7,4/17/2026,14,219,FALSE,FALSE,Valid
UK132,Vistara,BOM,DEL,BOM → DEL,12:41.7,19:41.7,4/17/2026,14,127,FALSE,FALSE,Valid
6F002,IndiGo,BLR,MAA,BLR → MAA,11:41.7,34:41.7,4/17/2026,14,203,FALSE,FALSE,Valid
UK005,Vistara,BOM,MAA,BOM → MAA,02:41.7,14:41.7,4/17/2026,14,252,FALSE,FALSE,Valid
6F258,IndiGo,BOM,DEL,BOM → DEL,54:41.7,49:41.7,4/17/2026,13,175,FALSE,FALSE,Valid
SJ244,SpiceJet,BLR,DEL,BLR → DEL,51:41.7,39:41.7,4/17/2026,13,108,FALSE,FALSE,Valid
AI075,Air India,CCU,DEL,CCU → DEL,51:41.7,49:41.7,4/17/2026,13,178,FALSE,FALSE,Valid
AI160,Air India,MAA,DEL,MAA → DEL,41:41.7,01:41.7,4/17/2026,13,200,FALSE,FALSE,Valid
UK091,Vistara,CCU,BOM,CCU → BOM,37:41.7,31:41.7,4/17/2026,13,234,FALSE,FALSE,Valid
UK195,Vistara,HYD,BOM,HYD → BOM,35:41.7,35:41.7,4/17/2026,13,180,FALSE,FALSE,Valid
6F044,IndiGo,DEL,HYD,DEL → HYD,25:41.7,36:41.7,4/17/2026,13,251,FALSE,FALSE,Valid
6F248,IndiGo,DEL,HYD,DEL → HYD,25:41.7,36:41.7,4/17/2026,13,251,FALSE,FALSE,Valid
6F204,IndiGo,DEL,CCU,DEL → CCU,23:41.7,04:41.7,4/17/2026,13,161,FALSE,FALSE,Valid
SJ092,SpiceJet,BLR,MAA,BLR → MAA,19:41.7,56:41.7,4/17/2026,13,277,FALSE,FALSE,Valid
AI119,Air India,MAA,BLR,MAA → BLR,15:41.7,57:41.7,4/17/2026,13,162,FALSE,FALSE,Valid
AI151,Air India,MAA,HYD,MAA → HYD,14:41.7,10:41.7,4/17/2026,13,56,FALSE,FALSE,Valid
UK107,Vistara,HYD,BOM,HYD → BOM,09:41.7,25:41.7,4/17/2026,13,76,FALSE,FALSE,Valid
SJ019,SpiceJet,BLR,DEL,BLR → DEL,07:41.7,56:41.7,4/17/2026,13,169,FALSE,FALSE,Valid
AI052,Air India,CCU,MAA,CCU → MAA,06:41.7,42:41.7,4/17/2026,13,156,FALSE,FALSE,Valid
SJ177,SpiceJet,BOM,CCU,BOM → CCU,04:41.7,37:41.7,4/17/2026,13,273,FALSE,FALSE,Valid
6F215,IndiGo,DEL,BLR,DEL → BLR,00:41.7,30:41.7,4/17/2026,13,270,FALSE,FALSE,Valid
AI223,Air India,BOM,CCU,BOM → CCU,53:41.7,42:41.7,4/17/2026,12,109,FALSE,FALSE,Valid
SJ069,SpiceJet,HYD,BLR,HYD → BLR,53:41.7,17:41.7,4/17/2026,12,84,FALSE,FALSE,Valid
6F198,IndiGo,HYD,BLR,HYD → BLR,40:41.7,39:41.7,4/17/2026,12,299,FALSE,FALSE,Valid
AI093,Air India,BOM,BLR,BOM → BLR,35:41.7,28:41.7,4/17/2026,12,293,FALSE,FALSE,Valid
UK062,Vistara,HYD,DEL,HYD → DEL,33:41.7,35:41.7,4/17/2026,12,182,FALSE,FALSE,Valid
6F057,IndiGo,MAA,DEL,MAA → DEL,32:41.7,50:41.7,4/17/2026,12,198,FALSE,FALSE,Valid
UK064,Vistara,BOM,DEL,BOM → DEL,25:41.7,55:41.7,4/17/2026,12,150,FALSE,FALSE,Valid
