passenger_id,age,gender,date_of_birth,aadhaar_masked,phone_masked
P1000,52,F,1974-04-08,********6001,******3790
P1001,15,M,2011-03-07,********2654,******2297
P1002,72,M,1954-09-10,********8161,******5092
P1003,61,F,1965-03-12,********6475,******7151
P1004,21,M,2005-11-11,********6483,******5113
P1005,83,M,1943-03-09,********3767,******3818
P1006,87,M,1939-02-25,********3287,******5830
P1007,75,M,1951-11-24,********8480,******2119
P1008,75,M,1951-11-10,********8281,******6600
P1009,88,M,1938-04-02,********0154,******9919
P1010,24,M,2002-04-18,********4896,******9690
P1011,3,M,2023-04-19,********5098,******4718
P1012,22,M,2004-03-24,********4738,******8245
P1013,53,M,1973-01-13,********6701,******6298
P1014,2,F,2024-09-04,********7317,******2705
P1015,88,F,1938-05-26,********2606,******0141
P1016,30,M,1996-01-19,********8050,******0826
P1017,38,F,1988-10-02,********1939,******3976
P1018,2,F,2024-08-11,********4624,******9320
P1019,64,M,1962-06-10,********2513,******0329
P1020,60,M,1966-12-18,********2411,******6828
P1021,21,M,2005-01-01,********0164,******3494
P1022,33,F,1993-06-19,********1280,******5277
P1023,76,F,1950-10-24,********1586,******9973
P1024,58,M,1968-08-08,********2160,******4941
P1025,22,M,2004-07-22,********1458,******2872
P1026,89,M,1937-10-17,********6556,******5852
P1027,49,F,1977-10-11,********5615,******6699
P1028,59,F,1967-10-10,********6629,******8647
P1029,42,F,1984-12-06,********7387,******3245
P1030,60,F,1966-10-28,********0037,******2378
P1031,80,M,1946-12-17,********1632,******2643
P1032,15,M,2011-07-27,********5798,******9918
P1033,62,M,1964-04-09,********4714,******4498
P1034,62,M,1964-08-14,********6658,******4033
P1034,62,M,1964-09-24,********5466,******0083
P1035,47,F,1979-09-01,********2729,******2414
P1036,62,F,1964-07-09,********3755,******7896
P1037,51,M,1975-01-20,********0033,******8772
P1038,55,M,1971-05-04,********9912,******8741
P1039,64,F,1962-01-12,********4919,******1542
P1040,3,M,2023-07-06,********6572,******3128
P1041,51,F,1975-08-19,********1473,******0848
P1042,7,M,2019-09-01,********5494,******3124
P1043,21,M,2005-07-23,********0143,******6217
P1044,73,M,1953-05-09,********5574,******1644
P1045,39,M,1987-05-04,********4989,******3159
P1046,18,M,2008-11-28,********0842,******8191
P1047,4,M,2022-07-16,********4711,******9872
P1048,89,M,1937-09-13,********9993,******5636
P1049,60,F,1966-03-08,********3341,******0490
P1050,14,F,2012-11-08,********4471,******5622
P1051,9,F,2017-05-15,********2499,******9494
P1052,53,F,1973-10-09,********9065,******2365
P1053,2,F,2024-10-14,********8742,******5719
P1054,84,M,1942-01-15,********7468,******9821
P1055,60,M,1966-10-25,********0385,******1200
P1056,71,F,1955-12-06,********1093,******3628
P1057,44,M,1982-08-16,********4846,******5437
P1058,8,F,2018-01-10,********6584,******6368
P1059,47,F,1979-10-13,********7533,******3112
P1060,35,M,1991-08-04,********8951,******5930
P1061,78,M,1948-07-11,********6158,******9358
P1062,81,M,1945-01-11,********7240,******2051
P1063,36,F,1990-07-20,********2219,******7084
P1064,50,M,1976-08-12,********4821,******0204
P1065,4,F,2022-10-10,********3695,******5206
P1066,2,F,2024-11-07,********3953,******6046
P1067,6,F,2020-12-14,********2145,******4047
P1068,54,M,1972-02-05,********4517,******5500
P1069,4,M,2022-07-27,********7549,******9401
P1070,54,F,1972-02-05,********1746,******0232
P1071,63,M,1963-12-24,********5869,******8977
P1072,18,M,2008-02-22,********7735,******7037
P1073,44,M,1982-03-26,********0053,******5165
P1074,34,F,1992-09-09,********0422,******9588
P1075,74,F,1952-12-14,********2402,******5235
P1076,62,M,1964-12-26,********8390,******1998
P1077,14,F,2012-03-03,********1159,******9409
P1078,48,M,1978-12-04,********8961,******5806
P1079,15,M,2011-06-05,********5654,******4080
P1080,72,M,1954-11-04,********9885,******1867
P1081,78,M,1948-04-28,********8327,******3943
P1082,87,F,1939-11-27,********9809,******5504
P1083,62,F,1964-02-24,********6120,******0285
P1084,40,F,1986-03-25,********9102,******5666
P1085,85,M,1941-06-14,********4381,******8399
P1086,80,M,1946-04-25,********0034,******0915
P1087,82,M,1944-11-26,********8388,******1488
P1088,53,F,1973-02-13,********9664,******1920
P1089,24,M,2002-07-28,********9681,******7422
P1090,26,F,2000-02-05,********5523,******1187
P1091,89,F,1937-11-11,********7995,******3158
P1092,60,F,1966-01-02,********1477,******1814
P1093,41,F,1985-06-20,********0793,******9284
P1094,29,F,1997-10-06,********7788,******6383
P1095,15,F,2011-05-24,********1864,******4671
P1096,45,M,1981-11-26,********1486,******4766
P1097,65,M,1961-04-08,********2357,******2005
P1098,89,F,1937-03-06,********2962,******5381
P1099,71,F,1955-05-26,********7383,******4348
P1100,9,M,2017-05-02,********2392,******6219
P1101,88,F,1938-04-27,********8261,******3590
P1102,1,F,2025-02-27,********5305,******6900
P1102,1,F,2025-03-18,********1043,******6438
P1103,8,M,2018-10-18,********7117,******5981
P1104,88,F,1938-06-03,********6218,******1100
P1104,88,F,1938-12-25,********5319,******6503
P1104,88,F,1938-04-02,********1704,******5080
P1105,63,F,1963-05-04,********4505,******8427
P1106,11,F,2015-07-20,********4161,******0110
P1107,81,M,1945-01-24,********2757,******8148
P1108,8,M,2018-02-08,********9702,******1573
P1108,8,M,2018-06-13,********1928,******6777
P1109,35,M,1991-10-10,********4473,******8471
P1110,35,F,1991-05-28,********1884,******0929
P1111,33,F,1993-06-15,********0589,******5000
P1112,5,M,2021-11-03,********9125,******4545
P1113,41,F,1985-03-10,********8018,******1466
P1114,28,F,1998-09-03,********4249,******4337
P1115,7,F,2019-05-21,********0109,******9477
P1116,73,F,1953-03-15,********4710,******8866
P1117,72,F,1954-02-11,********2588,******0974
P1118,12,M,2014-06-19,********9632,******6899
P1119,34,F,1992-04-07,********1687,******5339
P1120,33,M,1993-12-12,********1624,******6275
P1121,48,F,1978-09-09,********1687,******8655
P1122,23,M,2003-01-02,********9868,******1258
P1123,62,F,1964-07-20,********5952,******3410
P1124,88,M,1938-05-26,********5169,******5317
P1125,37,F,1989-01-19,********9623,******1130
P1126,44,M,1982-09-07,********9702,******3847
P1127,86,F,1940-08-07,********8549,******0614
P1128,35,M,1991-02-19,********5844,******0979
P1129,65,F,1961-09-09,********4733,******5992
P1130,47,M,1979-06-23,********3016,******5716
P1131,78,M,1948-02-21,********4540,******4323
P1132,3,F,2023-10-20,********4004,******5376
P1133,1,F,2025-12-15,********3152,******5745
P1134,5,M,2021-11-04,********8516,******2787
P1135,14,F,2012-01-09,********5499,******2437
P1136,27,M,1999-04-05,********4593,******5490
P1137,9,M,2017-09-23,********9187,******9624
P1138,79,M,1947-02-22,********2587,******1555
P1139,15,F,2011-11-26,********9087,******7841
P1140,42,M,1984-08-02,********1801,******6690
P1140,42,M,1984-03-18,********8251,******3475
P1141,77,M,1949-06-05,********6337,******1720
P1141,77,M,1949-10-22,********1907,******8534
P1142,51,F,1975-06-19,********8439,******9930
P1143,63,F,1963-09-16,********8926,******3770
P1144,52,F,1974-04-10,********2873,******5362
P1145,4,F,2022-08-28,********4351,******3231
P1146,23,M,2003-08-07,********3983,******4276
P1147,15,M,2011-07-15,********3854,******4447
P1148,43,M,1983-01-19,********3556,******5907
P1149,29,M,1997-04-16,********5369,******5986
P1150,36,F,1990-09-02,********7280,******2498
P1151,13,M,2013-10-21,********8750,******2588
P1152,32,M,1994-01-17,********8484,******1168
P1153,71,F,1955-06-13,********5461,******8010
P1154,59,M,1967-12-06,********8700,******1792
P1155,86,M,1940-11-09,********7401,******6941
P1156,28,M,1998-07-22,********2939,******0427
P1157,66,M,1960-10-13,********1599,******1733
P1158,42,M,1984-10-10,********2961,******4334
P1159,45,M,1981-06-25,********1047,******7644
P1160,62,F,1964-09-03,********1015,******8314
P1161,57,F,1969-03-09,********8262,******6070
P1162,6,M,2020-12-21,********1543,******7801
P1163,28,M,1998-11-20,********5756,******5191
P1164,28,F,1998-07-09,********7935,******1586
P1165,44,M,1982-07-22,********3741,******6118
P1166,84,M,1942-09-17,********9796,******9397
P1167,30,M,1996-06-26,********9096,******0118
P1168,62,F,1964-08-25,********3756,******5589
P1169,75,M,1951-04-17,********5457,******5910
P1170,89,F,1937-12-08,********0512,******5626
P1171,62,M,1964-12-20,********2660,******9167
P1172,1,F,2025-06-07,********1825,******3300
P1173,27,F,1999-10-06,********1557,******9808
P1174,62,M,1964-10-05,********2866,******2704
P1175,77,F,1949-10-02,********2257,******4434
P1176,3,M,2023-02-19,********6772,******4871
P1177,70,F,1956-10-04,********7881,******9152
P1178,72,M,1954-02-15,********0745,******4641
P1178,72,M,1954-09-09,********3095,******4965
P1179,27,M,1999-04-05,********0422,******0416
P1180,9,F,2017-12-09,********1168,******6034
P1181,62,M,1964-08-09,********6363,******3772
P1182,37,M,1989-03-15,********1701,******1837
P1183,51,F,1975-07-21,********1520,******6003
P1184,44,M,1982-01-23,********3870,******3210
P1185,24,M,2002-07-25,********5542,******6129
P1186,79,F,1947-04-03,********2697,******6403
P1187,59,F,1967-10-20,********4138,******2366
P1188,32,M,1994-07-04,********4037,******2291
P1189,88,M,1938-11-06,********9658,******5687
P1190,52,F,1974-07-23,********8486,******0106
P1191,62,F,1964-06-13,********8328,******1674
P1192,58,M,1968-11-24,********9904,******1955
P1193,52,F,1974-12-04,********2524,******8909
P1194,12,M,2014-08-28,********7850,******5455
P1195,39,M,1987-08-12,********0030,******1749
P1196,2,M,2024-02-17,********4195,******7835
P1197,3,M,2023-06-07,********1870,******3129
P1198,56,M,1970-01-08,********3206,******3665
P1199,81,F,1945-03-23,********3670,******7348
P1200,59,F,1967-10-19,********8261,******7549
P1201,2,F,2024-04-05,********7431,******3744
P1202,2,F,2024-08-09,********5374,******0811
P1203,54,M,1972-11-10,********5680,******8221
P1204,87,M,1939-04-05,********2100,******4137
P1205,1,M,2025-02-02,********7215,******9381
P1206,19,M,2007-05-15,********5324,******7032
P1207,2,F,2024-03-14,********0146,******1912
P1208,53,M,1973-05-06,********9856,******7364
P1209,44,M,1982-11-08,********3213,******8802
P1210,32,F,1994-12-23,********5590,******2140
P1211,70,F,1956-01-17,********0393,******3564
P1212,32,F,1994-09-28,********2921,******6659
P1213,68,F,1958-12-18,********6752,******0044
P1214,55,M,1971-03-20,********9690,******9130
P1215,75,M,1951-08-01,********5215,******5488
P1216,56,F,1970-07-12,********6267,******2460
P1216,56,F,1970-02-11,********0541,******8082
P1217,17,M,2009-03-02,********6296,******9884
P1218,38,M,1988-09-27,********1069,******8138
P1219,24,M,2002-11-10,********1032,******4142
P1220,69,F,1957-03-15,********2565,******6766
P1221,70,M,1956-10-08,********1586,******7680
P1222,86,F,1940-10-17,********1608,******2006
P1223,11,M,2015-10-09,********1632,******1674
P1224,16,M,2010-07-04,********0998,******5007
P1225,73,M,1953-07-21,********8564,******8258
P1226,59,F,1967-12-16,********6530,******8456
P1227,70,M,1956-12-14,********4754,******4902
P1228,80,F,1946-07-05,********2148,******4412
P1229,3,F,2023-09-13,********3457,******9068
P1230,20,F,2006-12-27,********5524,******9054
P1231,59,M,1967-11-01,********4680,******4736
P1232,36,M,1990-05-07,********6657,******9916
P1233,19,M,2007-05-22,********8994,******3833
P1234,67,M,1959-07-22,********8309,******4512
P1235,19,F,2007-12-23,********9935,******1936
P1236,20,F,2006-03-22,********7248,******3281
P1236,20,F,2006-01-28,********4717,******2889
P1237,71,F,1955-07-19,********2235,******2021
P1238,52,M,1974-10-25,********7432,******4150
P1239,33,F,1993-04-24,********6008,******3786
P1240,40,M,1986-10-10,********2168,******3716
P1241,39,F,1987-06-25,********6257,******5578
P1242,82,M,1944-12-21,********8215,******7294
P1243,1,M,2025-07-04,********0167,******9531
P1244,11,F,2015-02-17,********9926,******9184
P1245,57,F,1969-03-02,********3564,******4082
P1246,89,F,1937-02-24,********7218,******9714
P1247,50,F,1976-07-24,********0455,******1361
P1248,23,M,2003-03-04,********4155,******5345
P1249,31,F,1995-08-26,********2169,******4687
P1250,42,F,1984-02-09,********1670,******7041
P1251,7,F,2019-06-22,********1637,******4312
P1252,16,M,2010-04-11,********2175,******0851
P1252,16,M,2010-08-11,********9717,******1226
P1253,60,M,1966-09-18,********1994,******4244
P1254,2,F,2024-02-25,********7571,******9408
P1255,1,M,2025-05-20,********7261,******9415
P1256,48,F,1978-11-19,********9177,******9816
P1257,12,M,2014-02-13,********2922,******3177
P1258,69,M,1957-10-23,********7226,******4117
P1259,37,M,1989-09-23,********5228,******3780
P1260,32,M,1994-01-13,********6081,******5967
P1261,9,F,2017-06-27,********4380,******9947
P1262,19,F,2007-09-02,********6665,******1819
P1263,48,F,1978-11-03,********3472,******3243
P1264,80,M,1946-01-11,********2294,******5590
P1265,3,F,2023-09-08,********8515,******5885
P1266,20,F,2006-06-10,********3355,******8354
P1267,24,F,2002-07-09,********0561,******8525
P1268,54,M,1972-02-06,********3581,******7569
P1269,33,M,1993-12-11,********1207,******4268
P1270,24,M,2002-07-11,********6676,******9475
P1271,75,F,1951-11-10,********5814,******9013
P1272,72,F,1954-11-05,********2684,******7050
P1273,36,F,1990-05-07,********6881,******2445
P1274,38,M,1988-09-15,********1290,******4388
P1275,84,M,1942-10-03,********2314,******5927
P1276,89,F,1937-01-11,********5562,******9527
P1277,25,M,2001-02-06,********5478,******7990
P1278,18,M,2008-10-07,********0996,******9071
P1279,82,M,1944-02-13,********2788,******5743
P1280,66,M,1960-06-02,********9927,******5609
P1281,54,F,1972-01-21,********6770,******9570
P1282,35,M,1991-09-09,********6591,******1043
P1283,80,M,1946-02-17,********2723,******9982
P1284,61,M,1965-04-19,********1777,******9410
P1285,41,M,1985-03-09,********0920,******1254
P1286,33,F,1993-10-05,********7236,******5234
P1287,68,F,1958-02-01,********3662,******8506
P1288,33,M,1993-08-22,********8811,******2850
P1289,14,M,2012-12-25,********7659,******0779
P1290,21,M,2005-12-24,********6430,******5760
P1291,48,M,1978-09-14,********6944,******0039
P1292,20,M,2006-05-10,********5887,******1875
P1293,8,M,2018-10-23,********8658,******4997
P1294,7,F,2019-10-02,********4351,******6891
P1295,67,M,1959-01-26,********3843,******0529
P1296,17,F,2009-10-07,********6566,******5221
P1297,33,F,1993-08-13,********4393,******7770
P1298,48,M,1978-09-27,********5184,******2052
P1299,76,F,1950-05-03,********9071,******2835
P1300,59,F,1967-11-24,********3416,******9775
P1301,86,F,1940-12-08,********3733,******5137
P1302,22,F,2004-01-28,********7908,******9712
P1303,30,F,1996-01-17,********6392,******6631
P1304,38,F,1988-11-07,********7500,******5164
P1305,51,M,1975-03-16,********7955,******4459
P1306,54,F,1972-04-18,********9314,******7617
P1307,8,F,2018-05-09,********8857,******1278
P1308,27,F,1999-09-18,********5455,******0790
P1309,27,M,1999-11-17,********2455,******8026
P1310,21,F,2005-02-06,********9961,******9438
P1311,30,M,1996-03-06,********9876,******8800
P1312,28,F,1998-01-25,********1780,******9680
P1313,64,M,1962-09-27,********4722,******2272
P1314,69,M,1957-10-15,********2829,******7372
P1315,61,F,1965-03-10,********4564,******0684
P1316,48,F,1978-10-08,********4064,******6534
P1317,19,M,2007-11-08,********3416,******6546
P1318,4,F,2022-05-23,********1797,******9440
P1319,35,M,1991-12-01,********4427,******7382
P1320,64,M,1962-03-02,********7051,******5387
P1321,49,M,1977-12-02,********3673,******8733
P1322,17,M,2009-05-16,********0881,******6822
P1323,44,M,1982-04-01,********4916,******5172
P1324,30,F,1996-06-21,********9500,******0893
P1325,46,M,1980-01-16,********6524,******6204
P1326,6,M,2020-02-17,********4982,******6272
P1327,37,F,1989-04-11,********0959,******6097
P1328,24,M,2002-11-03,********5118,******0775
P1329,46,F,1980-12-19,********6789,******1951
P1330,53,F,1973-06-26,********0586,******9637
P1331,60,F,1966-04-17,********3863,******1793
P1331,60,F,1966-09-11,********2286,******2642
P1332,63,M,1963-07-25,********3983,******5093
P1333,85,M,1941-05-08,********8240,******6226
P1334,32,M,1994-03-09,********0752,******1671
P1335,87,F,1939-12-23,********5727,******5561
P1336,33,M,1993-12-21,********6613,******4632
P1337,67,F,1959-03-02,********2583,******1093
P1338,18,M,2008-08-19,********2251,******6009
P1339,25,F,2001-04-18,********3769,******9481
P1340,54,M,1972-06-12,********6553,******3853
P1341,58,M,1968-03-25,********0335,******8998
P1342,67,M,1959-06-07,********4770,******9729
P1343,46,F,1980-05-06,********6980,******0034
P1344,24,F,2002-11-13,********5104,******5749
P1345,32,M,1994-01-08,********8780,******1020
P1346,47,M,1979-11-09,********3840,******7668
P1347,86,F,1940-04-19,********8936,******1587
P1348,23,F,2003-12-23,********8324,******8436
P1349,66,F,1960-06-14,********2520,******8017
P1350,27,M,1999-10-08,********9499,******2443
P1351,2,F,2024-08-05,********5267,******0275
P1352,17,M,2009-08-23,********1279,******8848
P1353,33,F,1993-11-23,********9988,******2130
P1354,9,M,2017-05-15,********6803,******2105
P1355,43,F,1983-12-17,********2771,******9364
P1356,48,F,1978-08-03,********2793,******6197
P1357,39,F,1987-07-18,********6892,******5930
P1358,42,F,1984-05-21,********6447,******3247
P1359,26,F,2000-04-07,********8097,******3318
P1360,50,M,1976-01-06,********4983,******7988
P1361,25,F,2001-03-06,********1016,******0705
P1362,24,F,2002-05-16,********1681,******5267
P1363,13,F,2013-02-16,********0198,******1941
P1364,60,M,1966-12-21,********9978,******5314
P1365,7,F,2019-07-14,********7139,******2309
P1366,57,M,1969-01-04,********4885,******3873
P1367,36,F,1990-03-21,********7027,******4727
P1368,45,F,1981-06-03,********0395,******3456
P1369,20,M,2006-12-02,********9145,******1933
P1370,65,F,1961-04-03,********2150,******8413
P1371,8,M,2018-11-05,********5218,******6858
P1372,16,M,2010-09-25,********5701,******3074
P1373,14,F,2012-03-06,********5714,******0147
P1374,76,M,1950-10-08,********5424,******1768
P1375,87,F,1939-02-14,********0160,******9109
P1376,15,F,2011-03-03,********8179,******1801
P1377,66,M,1960-06-15,********5625,******9779
P1378,32,M,1994-02-13,********9928,******5347
P1379,87,M,1939-08-13,********9382,******1367
P1380,63,M,1963-10-20,********1971,******4003
P1381,86,F,1940-11-22,********9657,******0884
P1382,51,F,1975-04-07,********6997,******8861
P1383,25,M,2001-06-18,********6240,******9631
P1384,58,F,1968-07-14,********6566,******0739
P1385,63,F,1963-01-03,********2422,******0600
P1386,62,F,1964-09-14,********6927,******2101
P1387,22,F,2004-09-19,********3846,******4285
P1388,58,M,1968-02-17,********8478,******7269
P1389,58,M,1968-09-16,********8077,******5107
P1390,86,F,1940-03-19,********4079,******2605
P1391,49,M,1977-05-09,********4429,******5231
P1392,52,M,1974-09-28,********4372,******3507
P1393,42,M,1984-01-21,********2395,******5378
P1394,70,F,1956-03-17,********6674,******6358
P1395,15,F,2011-05-09,********6945,******8282
P1396,54,F,1972-11-01,********2580,******5747
P1397,60,M,1966-02-02,********3009,******5005
P1398,8,F,2018-08-22,********1244,******4714
P1399,53,F,1973-05-06,********6504,******4585
P1400,60,M,1966-08-23,********6391,******2241
P1401,5,F,2021-03-23,********0064,******1602
P1402,68,F,1958-02-19,********3067,******5275
P1403,6,M,2020-09-02,********7432,******8166
P1404,47,M,1979-04-16,********0309,******9585
P1405,55,M,1971-02-07,********0506,******7200
P1406,40,F,1986-04-23,********0790,******0516
P1407,52,F,1974-10-08,********1179,******0962
P1408,16,F,2010-06-03,********3092,******1077
P1408,16,F,2010-07-25,********0219,******1862
P1408,16,F,2010-11-09,********7232,******7347
P1409,13,M,2013-01-18,********1456,******5269
P1410,30,M,1996-02-26,********3403,******3057
P1411,19,F,2007-01-04,********4597,******2492
P1412,17,F,2009-12-22,********9563,******0183
P1413,63,M,1963-08-02,********3179,******8338
P1413,63,M,1963-03-02,********5435,******5574
P1414,19,M,2007-03-19,********4929,******6420
P1415,58,M,1968-06-14,********0633,******1105
P1416,55,M,1971-08-26,********0686,******9949
P1417,62,F,1964-08-22,********4310,******8267
P1418,23,M,2003-11-03,********2570,******7444
P1419,9,F,2017-09-22,********1950,******1366
P1420,12,F,2014-03-11,********8183,******9420
P1421,1,F,2025-06-12,********6401,******9673
P1422,58,M,1968-02-03,********5137,******7940
P1423,1,M,2025-07-22,********3804,******7808
P1424,34,M,1992-10-11,********3856,******1530
P1425,48,M,1978-06-10,********2437,******2501
P1426,89,F,1937-02-02,********2223,******0679
P1427,1,M,2025-03-18,********2578,******0575
P1428,16,M,2010-05-25,********8547,******3237
P1429,61,F,1965-10-27,********1406,******8383
P1430,64,M,1962-09-28,********4301,******8402
P1431,63,F,1963-06-13,********5626,******7664
P1432,69,F,1957-12-14,********6742,******1007
P1433,22,F,2004-02-01,********5196,******3679
P1434,67,F,1959-05-27,********4870,******1036
P1435,76,F,1950-03-16,********7146,******6354
P1436,26,F,2000-06-17,********6471,******6091
P1437,16,F,2010-07-21,********2045,******5934
P1438,51,F,1975-11-26,********2855,******0727
P1439,86,M,1940-07-11,********8457,******9586
P1440,57,M,1969-02-04,********8167,******2807
P1441,29,M,1997-04-05,********2401,******8782
P1442,78,M,1948-02-02,********7603,******8648
P1443,69,F,1957-03-22,********9393,******3335
P1444,47,M,1979-02-27,********3891,******3548
P1445,62,F,1964-03-15,********8759,******6278
P1446,69,M,1957-09-05,********5171,******7562
P1447,76,M,1950-11-27,********4794,******9057
P1448,16,M,2010-08-17,********0716,******2662
P1449,48,F,1978-02-08,********5396,******9747
P1450,85,M,1941-08-04,********7842,******6778
P1451,39,F,1987-11-11,********0269,******6306
P1452,33,F,1993-09-11,********7784,******1721
P1453,23,M,2003-09-22,********7002,******1073
P1454,10,M,2016-08-18,********8897,******2211
P1455,69,M,1957-03-27,********0090,******6255
P1456,34,F,1992-04-08,********6503,******1370
P1457,52,M,1974-09-14,********0769,******4998
P1458,10,F,2016-12-22,********9171,******9721
P1459,19,F,2007-05-09,********7183,******1273
P1460,58,M,1968-08-14,********4198,******3155
P1461,1,M,2025-09-15,********6649,******4560
P1462,69,F,1957-09-07,********9690,******5163
P1463,4,F,2022-05-22,********6442,******8580
P1464,16,F,2010-11-02,********7866,******5238
P1465,24,M,2002-10-10,********0015,******2240
P1466,80,F,1946-08-03,********8984,******4548
P1467,2,M,2024-08-14,********1234,******7388
P1468,32,F,1994-12-12,********4257,******8516
P1469,84,F,1942-08-13,********5183,******0377
P1469,84,F,1942-08-16,********6041,******7213
P1470,24,M,2002-12-01,********9857,******7372
P1471,12,F,2014-09-23,********1123,******5216
P1472,50,M,1976-06-06,********4316,******3177
P1473,35,M,1991-01-13,********7342,******9807
P1474,33,F,1993-02-08,********8677,******6787
P1475,33,M,1993-03-14,********3436,******4943
P1476,61,M,1965-06-23,********1072,******2314
P1477,51,F,1975-06-20,********0537,******8642
P1478,43,M,1983-05-06,********8092,******6315
P1479,12,M,2014-08-28,********1502,******8244
P1480,67,M,1959-11-21,********5728,******1350
P1481,65,F,1961-01-15,********7617,******1261
P1482,33,M,1993-10-22,********2284,******5743
P1483,40,F,1986-11-22,********1504,******9237
P1484,74,F,1952-06-02,********7490,******5178
P1485,43,M,1983-07-09,********8961,******5327
P1486,44,M,1982-07-24,********2147,******3397
P1487,29,M,1997-02-25,********4996,******0835
P1488,13,F,2013-11-21,********3278,******5517
P1489,12,M,2014-10-02,********3864,******9994
P1490,46,M,1980-02-25,********4549,******0285
P1491,2,M,2024-10-26,********5977,******7296
P1492,35,M,1991-02-01,********8006,******7332
P1493,87,M,1939-01-07,********4122,******6279
P1494,81,F,1945-03-16,********3147,******9140
P1495,8,F,2018-07-02,********3349,******6707
P1496,26,M,2000-10-24,********7678,******4112
P1497,74,M,1952-08-20,********4671,******6937
P1498,34,M,1992-11-11,********3839,******0428
P1499,7,M,2019-03-07,********4172,******0436
P1500,68,F,1958-03-27,********5452,******4550
P1501,58,M,1968-06-25,********3745,******1592
P1502,75,F,1951-01-17,********9918,******6542
P1503,29,F,1997-03-04,********1255,******8019
P1504,36,M,1990-11-22,********4565,******7987
P1505,89,F,1937-03-25,********8507,******9062
P1506,21,F,2005-05-14,********2908,******9915
P1507,36,F,1990-10-21,********7389,******9532
P1508,10,F,2016-04-03,********2884,******6978
P1509,73,M,1953-12-02,********4681,******0124
P1510,24,M,2002-12-19,********0753,******4887
P1511,64,F,1962-06-15,********5893,******1636
P1512,49,M,1977-11-17,********3715,******8082
P1513,36,M,1990-03-23,********8277,******8961
P1514,82,M,1944-06-19,********9611,******2242
P1515,24,M,2002-07-02,********0229,******8067
P1516,23,M,2003-10-15,********6794,******8831
P1517,62,F,1964-07-13,********5199,******1691
P1518,37,M,1989-02-07,********4818,******6201
P1519,12,M,2014-12-27,********0433,******5241
P1520,55,M,1971-01-28,********5626,******0036
P1521,13,M,2013-05-14,********2412,******1168
P1522,23,F,2003-07-27,********2654,******7964
P1523,89,F,1937-08-18,********1405,******6560
P1524,30,F,1996-10-14,********3824,******5201
P1525,17,F,2009-01-27,********6870,******3973
P1526,62,M,1964-05-02,********5398,******6599
P1527,84,F,1942-11-09,********9855,******7973
P1528,89,M,1937-01-22,********0970,******3487
P1529,86,M,1940-06-13,********1569,******5664
P1530,13,M,2013-11-10,********5319,******4179
P1531,59,M,1967-09-16,********6149,******3017
P1532,19,M,2007-09-24,********2493,******6105
P1533,49,F,1977-05-04,********0566,******4104
P1534,12,F,2014-04-11,********7506,******9301
P1535,61,F,1965-07-26,********1107,******4663
P1536,19,F,2007-08-25,********3199,******5123
P1537,76,M,1950-10-21,********0704,******6156
P1538,9,F,2017-01-15,********6399,******6534
P1539,71,M,1955-02-01,********5931,******1568
P1540,28,F,1998-03-26,********9723,******7029
P1541,78,M,1948-10-11,********2274,******6167
P1542,52,M,1974-11-07,********6533,******7810
P1542,52,M,1974-02-15,********4652,******8997
P1543,83,F,1943-03-27,********5636,******5271
P1544,16,M,2010-01-07,********3950,******1558
P1545,69,M,1957-01-27,********0241,******8502
P1546,12,F,2014-12-03,********2896,******0442
P1547,25,M,2001-04-28,********3099,******9719
P1548,52,F,1974-11-20,********7317,******3439
P1549,85,F,1941-08-09,********5877,******9914
P1550,53,F,1973-10-06,********3466,******0666
P1551,23,M,2003-10-11,********9078,******0686
P1552,16,M,2010-11-03,********2734,******9048
P1553,57,M,1969-04-11,********1508,******6101
P1554,39,F,1987-07-27,********4456,******0847
P1555,53,M,1973-12-27,********8987,******0427
P1556,42,F,1984-10-28,********8052,******2143
P1557,58,F,1968-01-19,********8459,******2155
P1558,39,M,1987-04-16,********6186,******4710
P1559,14,F,2012-04-03,********9702,******2082
P1560,5,M,2021-07-06,********0256,******5169
P1561,35,M,1991-10-10,********6729,******2047
P1562,87,M,1939-10-16,********9385,******8440
P1563,75,M,1951-10-24,********2632,******7836
P1564,18,M,2008-08-14,********8413,******0888
P1565,76,F,1950-01-03,********3807,******3044
P1566,9,F,2017-02-03,********5777,******9657
P1567,74,F,1952-09-24,********1241,******2339
P1568,58,M,1968-11-26,********8370,******6581
P1569,17,M,2009-02-01,********3533,******3299
P1570,7,M,2019-06-18,********6815,******3640
P1571,46,F,1980-01-13,********2065,******8793
P1572,13,M,2013-12-18,********4971,******6489
P1573,40,F,1986-10-19,********7150,******8677
P1574,42,F,1984-10-03,********4363,******0142
P1575,9,M,2017-05-11,********9752,******1680
P1576,50,M,1976-07-17,********0339,******4545
P1577,27,F,1999-09-27,********2129,******1389
P1578,66,M,1960-05-19,********2934,******2967
P1579,5,F,2021-03-27,********6896,******8293
P1580,29,M,1997-05-15,********2467,******5357
P1581,37,M,1989-12-24,********3008,******5485
P1582,38,F,1988-10-06,********6016,******7896
P1583,83,M,1943-11-23,********3705,******1636
P1584,8,F,2018-07-23,********0116,******1699
P1585,65,M,1961-12-28,********6946,******4907
P1586,86,F,1940-02-25,********2701,******3341
P1587,17,F,2009-08-19,********7281,******6783
P1588,71,M,1955-07-04,********2141,******8599
P1589,89,F,1937-02-07,********4090,******2830
P1590,45,M,1981-04-12,********5555,******8085
P1591,4,M,2022-05-23,********0918,******1235
P1592,36,M,1990-04-20,********5057,******3343
P1593,70,F,1956-10-26,********9328,******4928
P1594,31,F,1995-04-06,********7833,******0086
P1595,19,M,2007-02-26,********1287,******3239
P1596,61,M,1965-02-04,********3414,******5315
P1597,54,F,1972-10-18,********9040,******3026
P1598,39,M,1987-06-05,********6087,******2797
P1599,74,M,1952-12-19,********4814,******1235
P1600,19,F,2007-11-28,********2764,******9611
P1601,39,M,1987-12-28,********8443,******9223
P1602,67,F,1959-03-07,********2774,******6093
P1603,45,M,1981-03-02,********0157,******2655
P1604,13,F,2013-11-24,********7492,******0229
P1605,58,M,1968-04-01,********1178,******2100
P1606,20,M,2006-12-28,********2151,******9769
P1607,72,F,1954-11-04,********9813,******0327
P1608,61,M,1965-01-03,********2184,******6605
P1609,39,F,1987-10-16,********4872,******9190
P1610,1,M,2025-10-18,********2432,******2368
P1611,3,F,2023-05-22,********2671,******1389
P1612,77,F,1949-07-13,********2625,******2885
P1613,62,F,1964-03-28,********1554,******1401
P1614,63,F,1963-09-12,********4971,******0679
P1615,25,M,2001-07-16,********5889,******3965
P1615,25,M,2001-07-23,********0539,******4668
P1616,56,M,1970-06-28,********4146,******9715
P1617,33,F,1993-12-05,********7068,******8704
P1618,38,F,1988-11-20,********8538,******9375
P1619,6,F,2020-03-12,********0676,******0216
P1620,58,M,1968-04-10,********3096,******8534
P1621,44,M,1982-06-24,********4510,******3646
P1622,45,M,1981-01-05,********2617,******6189
P1623,32,M,1994-03-12,********1772,******8862
P1624,45,F,1981-08-22,********5023,******7515
P1625,61,F,1965-03-05,********2110,******7658
P1626,47,F,1979-07-08,********4471,******3312
P1627,21,M,2005-10-06,********3718,******4695
P1628,80,M,1946-01-13,********0931,******9407
P1629,85,M,1941-06-09,********0414,******9855
P1630,75,F,1951-02-14,********4749,******0555
P1630,75,F,1951-09-20,********5559,******4698
P1631,36,F,1990-04-23,********1093,******8840
P1632,19,M,2007-09-23,********0236,******1357
P1633,20,F,2006-12-05,********0294,******2419
P1634,57,M,1969-07-13,********7868,******5535
P1635,18,M,2008-05-28,********7884,******3597
P1636,47,F,1979-03-09,********4024,******2698
P1637,49,M,1977-07-20,********1842,******0042
P1638,14,F,2012-11-21,********9164,******6139
P1639,15,M,2011-03-16,********7365,******2820
P1640,31,F,1995-07-22,********0422,******8680
P1641,1,F,2025-07-13,********2091,******5794
P1642,54,F,1972-12-27,********0018,******4459
P1643,3,M,2023-12-09,********2308,******1211
P1644,16,M,2010-07-13,********0303,******1813
P1645,87,F,1939-10-11,********1451,******2376
P1646,57,F,1969-10-27,********2624,******7929
P1647,75,M,1951-12-26,********5267,******6005
P1648,12,M,2014-07-16,********6557,******8953
P1649,74,M,1952-02-19,********8836,******3965
P1650,16,F,2010-06-12,********7210,******0701
P1651,72,M,1954-12-14,********1260,******8271
P1652,76,M,1950-02-01,********5213,******4412
P1653,24,F,2002-03-02,********7041,******7642
P1654,28,M,1998-03-09,********8436,******9345
P1655,8,M,2018-06-21,********9177,******0915
P1656,36,M,1990-04-10,********5950,******8815
P1657,8,F,2018-10-02,********3419,******5921
P1658,58,F,1968-12-12,********8356,******9185
P1659,60,F,1966-03-05,********7904,******0197
P1660,50,F,1976-06-10,********8572,******1616
P1661,28,F,1998-05-18,********7102,******3526
P1662,41,F,1985-03-23,********5511,******4129
P1663,64,F,1962-11-05,********4669,******0077
P1664,27,M,1999-12-27,********0903,******0404
P1665,63,M,1963-08-15,********6715,******9933
P1666,17,F,2009-08-07,********1559,******5692
P1667,73,M,1953-01-26,********9096,******2947
P1668,33,M,1993-07-03,********1214,******9729
P1669,84,F,1942-07-16,********4235,******2916
P1670,77,M,1949-06-22,********1992,******5282
P1671,29,M,1997-11-19,********0727,******4880
P1672,13,M,2013-06-27,********3390,******4410
P1673,46,M,1980-06-04,********5868,******0400
P1674,35,M,1991-02-03,********4649,******3407
P1675,6,F,2020-11-10,********7890,******9095
P1676,82,F,1944-06-26,********7660,******4901
P1677,69,F,1957-12-20,********0258,******3124
P1678,47,M,1979-11-13,********0962,******7147
P1679,25,F,2001-03-11,********9648,******4059
P1680,66,M,1960-12-24,********1960,******2973
P1681,10,M,2016-02-05,********6404,******9622
P1682,56,M,1970-04-13,********1175,******1815
P1683,30,M,1996-05-01,********5722,******8766
P1684,5,F,2021-10-01,********8413,******0205
P1685,33,F,1993-05-09,********2312,******2815
P1686,65,M,1961-11-28,********3423,******1865
P1687,18,F,2008-10-04,********6945,******2235
P1688,49,M,1977-05-20,********8496,******1296
P1689,11,F,2015-03-25,********1355,******8529
P1690,85,F,1941-10-07,********8164,******3356
P1691,26,M,2000-08-16,********5330,******9713
P1692,63,F,1963-01-21,********3904,******0048
P1693,89,M,1937-07-24,********0171,******3751
P1694,86,F,1940-11-04,********6477,******9806
P1695,59,M,1967-09-01,********2135,******7949
P1695,59,M,1967-10-15,********6422,******7240
P1696,27,M,1999-06-25,********9774,******0849
P1697,49,F,1977-01-22,********1703,******8826
P1698,77,F,1949-11-05,********8547,******9972
P1699,33,M,1993-03-22,********3146,******1408
P1700,1,F,2025-06-09,********0787,******1146
P1701,21,F,2005-02-02,********0745,******2915
P1702,55,M,1971-11-02,********7861,******2501
P1703,6,M,2020-12-23,********1439,******1983
P1704,81,F,1945-02-06,********4940,******7514
P1705,69,M,1957-07-11,********7207,******2650
P1706,5,M,2021-01-27,********7371,******7655
P1707,3,M,2023-09-09,********5775,******9935
P1708,53,F,1973-03-14,********1480,******2693
P1709,23,F,2003-11-22,********3614,******4575
P1710,53,M,1973-09-23,********4309,******1958
P1711,37,F,1989-10-18,********7284,******3722
P1711,37,F,1989-05-01,********9107,******4151
P1712,74,M,1952-12-07,********2142,******1598
P1713,74,F,1952-05-06,********1449,******6300
P1714,83,M,1943-05-19,********3441,******8247
P1715,17,M,2009-07-14,********7567,******0359
P1716,85,F,1941-09-19,********8529,******4081
P1717,78,M,1948-06-20,********1041,******4961
P1718,73,F,1953-03-08,********8287,******0225
P1719,1,F,2025-02-08,********2918,******6985
P1720,51,M,1975-05-27,********7238,******7033
P1721,45,M,1981-08-16,********2883,******3185
P1722,77,F,1949-01-10,********7662,******0816
P1723,4,M,2022-05-01,********5277,******4893
P1724,62,M,1964-08-23,********2595,******6364
P1725,65,M,1961-03-23,********9884,******5386
P1726,32,M,1994-04-25,********1775,******4817
P1727,34,M,1992-11-27,********1759,******8884
P1727,34,M,1992-04-07,********4774,******2082
P1728,72,F,1954-10-18,********2056,******1617
P1728,72,F,1954-02-15,********5982,******9036
P1729,39,F,1987-06-01,********3098,******3527
P1730,26,M,2000-09-10,********9389,******7681
P1731,34,M,1992-03-07,********4350,******0347
P1732,54,M,1972-02-18,********1699,******2746
P1733,3,F,2023-01-01,********7430,******6188
P1734,50,M,1976-08-04,********6821,******8806
P1735,12,F,2014-10-02,********0368,******0669
P1736,65,F,1961-05-05,********5593,******6113
P1737,54,F,1972-09-10,********3745,******1677
P1738,5,M,2021-09-08,********4132,******2191
P1739,57,F,1969-10-13,********7044,******9713
P1740,17,M,2009-03-22,********0336,******3910
P1741,47,F,1979-12-27,********9305,******1742
P1742,23,M,2003-03-13,********9984,******7447
P1743,79,F,1947-05-12,********9609,******7244
P1744,85,M,1941-01-15,********7707,******3824
P1745,14,F,2012-03-09,********8517,******9319
P1746,66,M,1960-10-11,********0287,******5891
P1747,75,M,1951-08-04,********5118,******7317
P1748,51,M,1975-06-11,********2059,******3959
P1749,38,M,1988-04-26,********9019,******4202
P1750,64,F,1962-12-14,********9898,******3535
P1751,38,F,1988-06-08,********3943,******4119
P1752,50,M,1976-11-16,********8815,******4256
P1753,82,F,1944-06-11,********2944,******5743
P1754,30,M,1996-05-25,********0216,******6530
P1755,79,M,1947-06-05,********8866,******3403
P1756,51,F,1975-07-21,********0157,******6473
P1757,63,M,1963-07-11,********9957,******3993
P1758,52,M,1974-09-28,********9889,******7238
P1759,38,F,1988-02-12,********4995,******3943
P1760,88,M,1938-03-04,********9134,******3255
P1761,79,M,1947-07-24,********5349,******6972
P1762,30,M,1996-06-26,********1241,******0057
P1763,51,M,1975-02-23,********1506,******8560
P1764,81,F,1945-08-27,********3472,******9023
P1765,5,F,2021-12-06,********7893,******9088
P1766,29,F,1997-11-16,********2434,******4681
P1767,4,M,2022-11-14,********6753,******8074
P1768,10,M,2016-05-17,********6304,******6405
P1769,56,F,1970-08-24,********6404,******7000
P1770,17,M,2009-06-05,********3199,******5620
P1771,74,M,1952-04-06,********8358,******7184
P1772,17,M,2009-09-04,********3000,******3896
P1773,84,M,1942-11-13,********0416,******8571
P1774,88,F,1938-04-27,********2196,******8542
P1775,69,F,1957-07-10,********1497,******2258
P1776,34,F,1992-06-25,********6076,******2289
P1777,6,M,2020-03-26,********9145,******1597
P1778,53,F,1973-04-02,********9789,******6140
P1779,66,F,1960-08-18,********0438,******9789
P1780,77,M,1949-01-06,********6162,******8933
P1781,43,M,1983-07-01,********7286,******2642
P1781,43,M,1983-10-23,********2483,******2441
P1782,75,F,1951-08-03,********5622,******4290
P1783,23,F,2003-02-12,********9792,******1918
P1784,55,F,1971-09-21,********9648,******5234
P1785,80,F,1946-06-19,********2896,******1420
P1786,75,M,1951-08-28,********9222,******1325
P1787,16,F,2010-07-13,********8138,******3612
P1788,8,F,2018-08-16,********4268,******9366
P1789,4,M,2022-07-12,********3983,******6021
P1790,4,F,2022-01-20,********1548,******7395
P1791,56,M,1970-08-06,********0797,******5166
P1792,25,M,2001-06-04,********1070,******0063
P1793,67,M,1959-02-07,********0660,******1740
P1794,67,F,1959-05-09,********8620,******1695
P1795,27,F,1999-06-19,********1212,******5063
P1796,32,M,1994-12-10,********2406,******9566
P1797,50,F,1976-02-16,********4474,******1347
P1798,61,F,1965-11-26,********9365,******4710
P1799,51,M,1975-09-22,********7401,******4224
P1800,19,M,2007-03-14,********5150,******5515
P1801,21,F,2005-10-19,********0797,******8632
P1802,5,M,2021-07-14,********0381,******4141
P1803,82,F,1944-01-03,********9225,******0563
P1804,42,F,1984-03-08,********2441,******2930
P1805,61,F,1965-12-07,********1786,******5965
P1806,22,F,2004-07-18,********5469,******2034
P1807,21,M,2005-10-25,********5809,******8145
P1807,21,M,2005-07-05,********1562,******3317
P1808,70,M,1956-11-24,********1715,******9993
P1809,1,M,2025-01-10,********0766,******5514
P1810,5,M,2021-09-25,********5126,******6236
P1811,12,F,2014-01-04,********6074,******7051
P1811,12,F,2014-06-14,********8424,******5052
P1811,12,F,2014-02-05,********3218,******1549
P1812,46,F,1980-01-05,********0155,******0681
P1813,34,M,1992-04-19,********4161,******5954
P1814,49,F,1977-09-22,********6424,******5575
P1815,78,F,1948-11-11,********4479,******6885
P1816,45,F,1981-09-13,********9695,******3760
P1817,27,M,1999-07-02,********8264,******0534
P1818,73,M,1953-01-05,********4577,******3476
P1819,26,M,2000-07-20,********3682,******9588
P1820,47,F,1979-07-20,********8653,******3004
P1821,86,M,1940-08-06,********6774,******7727
P1822,56,M,1970-11-01,********6663,******5531
P1823,63,M,1963-10-21,********5932,******0594
P1824,48,M,1978-12-07,********5327,******2212
P1825,61,M,1965-09-21,********7327,******6943
P1826,81,M,1945-12-18,********6164,******1192
P1827,26,F,2000-03-28,********7611,******8471
P1828,36,F,1990-08-23,********4151,******5388
P1829,1,M,2025-03-17,********4902,******1709
P1830,8,M,2018-12-26,********7742,******0065
P1831,52,F,1974-06-24,********2904,******3849
P1832,79,F,1947-09-16,********5672,******7289
P1833,47,M,1979-06-16,********4913,******4854
P1834,56,M,1970-09-28,********8148,******6903
P1835,86,M,1940-01-20,********3372,******7726
P1836,14,M,2012-08-04,********3997,******6189
P1837,28,F,1998-10-16,********1893,******1535
P1838,87,M,1939-08-21,********4694,******0167
P1839,78,M,1948-11-15,********4884,******1690
P1840,88,M,1938-06-21,********6417,******5512
P1841,2,M,2024-04-19,********7149,******1584
P1842,26,F,2000-04-09,********7964,******0042
P1843,14,F,2012-07-02,********9660,******3949
P1844,59,F,1967-07-11,********5056,******4641
P1845,56,M,1970-08-02,********2579,******1850
P1846,7,M,2019-05-04,********4857,******0238
P1847,3,F,2023-04-11,********3817,******9762
P1848,23,M,2003-04-15,********3257,******4623
P1849,18,M,2008-01-17,********6708,******8711
P1850,38,F,1988-02-18,********5119,******1423
P1851,15,F,2011-11-11,********4772,******0532
P1852,64,F,1962-01-01,********4096,******2752
P1853,89,F,1937-04-25,********9592,******8441
P1854,28,M,1998-04-22,********5155,******9665
P1855,74,M,1952-08-28,********7160,******8081
P1856,39,F,1987-12-17,********1289,******3440
P1857,57,M,1969-08-09,********3185,******9890
P1858,17,F,2009-04-23,********4164,******0359
P1858,17,F,2009-03-23,********0282,******0516
P1859,86,F,1940-12-26,********2282,******3093
P1860,44,M,1982-06-01,********9500,******8307
P1861,25,F,2001-04-03,********2105,******7448
P1862,17,M,2009-03-11,********4774,******9944
P1863,13,M,2013-12-04,********2231,******8259
P1864,84,M,1942-05-25,********9889,******6848
P1865,25,M,2001-03-13,********0203,******1549
P1866,68,F,1958-08-04,********7948,******3453
P1867,10,M,2016-07-21,********8415,******4359
P1868,67,F,1959-02-28,********4768,******8281
P1869,18,F,2008-09-02,********9298,******4753
P1870,86,F,1940-07-28,********3289,******7767
P1871,34,F,1992-05-23,********2401,******9054
P1872,8,M,2018-11-14,********2362,******8755
P1873,40,M,1986-11-09,********2372,******3551
P1874,83,F,1943-12-20,********7418,******2200
P1875,42,F,1984-04-17,********9274,******4355
P1875,42,F,1984-11-17,********1444,******0569
P1876,41,M,1985-11-09,********7396,******2690
P1877,6,F,2020-02-04,********1919,******5640
P1878,52,M,1974-11-01,********8066,******1319
P1879,26,F,2000-08-26,********5534,******4873
P1880,64,M,1962-06-20,********2715,******3412
P1881,59,F,1967-06-11,********6347,******5950
P1882,56,F,1970-09-06,********8848,******9026
P1883,59,M,1967-02-28,********5626,******6186
P1884,70,F,1956-04-15,********7333,******6573
P1885,33,F,1993-03-28,********8936,******4107
P1886,53,M,1973-02-23,********3585,******0042
P1887,22,F,2004-12-12,********5193,******5406
P1888,21,M,2005-09-15,********6120,******7507
P1889,70,M,1956-12-25,********0976,******5986
P1889,70,M,1956-06-28,********6289,******3681
P1890,70,F,1956-03-27,********2339,******6275
P1891,4,F,2022-06-06,********6672,******5469
P1892,75,F,1951-06-15,********3351,******6877
P1893,62,F,1964-07-10,********8005,******5151
P1894,62,F,1964-10-06,********1295,******6118
P1895,24,F,2002-10-17,********4152,******0074
P1896,55,F,1971-06-08,********7181,******8745
P1897,9,M,2017-09-19,********1815,******8928
P1898,3,F,2023-02-16,********6666,******0386
P1899,31,M,1995-02-10,********0803,******1137
P1900,40,F,1986-12-17,********5806,******5959
P1901,36,F,1990-10-21,********1373,******1415
P1902,24,M,2002-01-05,********6356,******9511
P1903,6,F,2020-04-27,********6664,******3742
P1904,66,F,1960-03-18,********1271,******4283
P1905,84,M,1942-02-18,********1163,******8747
P1905,84,M,1942-04-14,********6211,******8723
P1906,75,F,1951-06-28,********0902,******5484
P1907,4,F,2022-06-22,********1323,******5498
P1908,79,F,1947-11-03,********8501,******6016
P1909,6,M,2020-07-25,********6090,******1903
P1910,51,F,1975-12-08,********4967,******4444
P1911,62,F,1964-03-12,********4264,******7962
P1912,57,F,1969-07-14,********2536,******5867
P1912,57,F,1969-10-07,********3333,******6352
P1913,66,F,1960-10-14,********1874,******6118
P1914,79,M,1947-11-06,********0369,******3248
P1915,75,M,1951-10-17,********2759,******4209
P1916,8,F,2018-05-27,********5323,******4295
P1917,26,F,2000-03-14,********1822,******9920
P1918,51,M,1975-08-13,********1026,******2308
P1919,45,M,1981-06-03,********0795,******8262
P1920,44,F,1982-08-01,********4159,******5140
P1921,5,M,2021-12-10,********5203,******6961
P1922,70,F,1956-01-10,********2909,******6172
P1923,26,M,2000-06-24,********6652,******8545
P1924,68,M,1958-02-06,********0213,******7670
P1925,19,M,2007-11-28,********1297,******2816
P1926,84,M,1942-01-23,********0633,******6858
P1927,20,F,2006-03-17,********4907,******2199
P1928,12,M,2014-03-13,********3253,******8473
P1929,47,M,1979-03-03,********8044,******3649
P1930,1,F,2025-11-03,********5959,******5834
P1931,14,M,2012-10-06,********5833,******0209
P1931,14,M,2012-03-26,********2660,******6808
P1932,64,M,1962-07-16,********2310,******2108
P1933,38,F,1988-12-16,********3379,******9456
P1934,37,M,1989-08-26,********4238,******6116
P1935,11,F,2015-05-11,********1928,******7747
P1936,77,F,1949-11-16,********3535,******0123
P1937,3,F,2023-08-01,********3379,******5036
P1938,33,F,1993-04-26,********4176,******0771
P1939,6,M,2020-06-16,********7824,******8439
P1940,50,F,1976-07-23,********8436,******9762
P1941,10,M,2016-09-06,********7276,******3602
P1942,5,M,2021-06-01,********4292,******1910
P1943,23,M,2003-06-20,********6562,******7550
P1944,10,M,2016-09-06,********1221,******7555
P1944,10,M,2016-07-21,********6808,******9537
P1945,44,M,1982-11-27,********0800,******5227
P1946,2,M,2024-05-16,********6608,******1106
P1947,13,M,2013-10-12,********7051,******1380
P1948,40,M,1986-04-25,********5862,******0378
P1949,2,M,2024-04-06,********7986,******1333
P1950,84,M,1942-10-27,********5703,******3480
P1951,65,F,1961-10-25,********6576,******8785
P1952,63,F,1963-05-01,********0900,******4596
P1953,73,F,1953-11-01,********5146,******7590
P1954,17,M,2009-12-08,********2011,******1181
P1955,9,F,2017-07-27,********6007,******2059
P1956,75,F,1951-04-23,********4043,******9395
P1957,15,F,2011-08-27,********5195,******7845
P1958,24,M,2002-06-25,********9657,******2887
P1959,38,M,1988-08-25,********2557,******0101
P1960,35,M,1991-07-04,********2361,******8616
P1961,49,M,1977-09-13,********7155,******2800
P1962,69,F,1957-03-03,********0817,******6149
P1963,62,F,1964-03-27,********0413,******4685
P1964,60,F,1966-05-14,********5653,******2580
P1965,50,F,1976-09-25,********0476,******1852
P1966,78,M,1948-02-03,********1748,******9106
P1967,75,M,1951-07-04,********8739,******5591
P1968,9,M,2017-05-19,********9680,******9607
P1969,34,F,1992-08-16,********1213,******3752
P1970,76,M,1950-02-06,********7371,******4153
P1971,35,M,1991-07-16,********8581,******1620
P1972,1,F,2025-02-01,********6832,******4025
P1973,40,F,1986-02-18,********1296,******4480
P1974,64,M,1962-10-17,********0184,******6098
P1975,22,M,2004-07-18,********7312,******0408
P1976,60,M,1966-04-27,********2365,******6986
P1977,64,M,1962-08-20,********7932,******3412
P1978,72,M,1954-09-03,********9061,******1192
P1979,11,M,2015-08-13,********5478,******0295
P1980,14,F,2012-10-17,********4444,******7212
P1981,60,F,1966-07-22,********6449,******8818
P1982,30,F,1996-12-24,********9821,******3389
P1982,30,F,1996-06-05,********4978,******5013
P1983,35,M,1991-05-17,********7789,******8137
P1984,85,F,1941-03-04,********6512,******8650
P1985,37,M,1989-01-01,********6309,******0578
P1985,37,M,1989-04-05,********9485,******1470
P1986,5,M,2021-08-04,********1994,******8394
P1987,83,F,1943-07-19,********1034,******1041
P1988,78,M,1948-09-25,********6960,******6243
P1989,26,M,2000-04-12,********9679,******2352
P1990,62,F,1964-07-20,********4343,******8953
P1991,4,F,2022-07-24,********5607,******5354
P1991,4,F,2022-11-17,********2239,******7919
P1992,89,F,1937-09-09,********8041,******9636
P1993,42,M,1984-10-02,********8131,******0435
P1994,89,F,1937-03-18,********1114,******8553
P1994,89,F,1937-09-17,********2480,******0229
P1995,18,F,2008-08-06,********9473,******0502
P1996,40,M,1986-09-24,********8768,******9487
P1997,72,F,1954-01-07,********2872,******0262
P1998,39,F,1987-04-14,********5730,******9851
P1999,14,F,2012-12-15,********4767,******9290
P1999,14,F,2012-11-28,********0576,******3844
